img_id,phase,iou_RV,dice_RV,hd_RV,assd_RV,iou_MYO,dice_MYO,hd_MYO,assd_MYO,iou_LV,dice_LV,hd_LV,assd_LV
A0S9V9,ED,0.20674730884474973,0.3426521979032585,42.17819341792628,2.75814645117046,0.005656317245625542,0.011249006541547892,71.80529228406496,13.191550918024507,6.463706289186178e-15,6.463706289186178e-15,125.75372757894694,13.2575236050054
A0S9V9,ES,0.09289790741915747,0.17000290107340318,52.630789467763066,5.284062361416849,0.0017910036508989337,0.003575603383077745,76.66159403508382,14.782593644848198,1.0475591870940598e-14,1.0475591870940598e-14,123.59207094308275,14.199542998050077
A1D9Z7,ED,0.2757754220651804,0.4323259678709951,25.475478405713993,3.193662809583344,0.24307428816099663,0.3910856985395447,27.477263328068172,2.2949051986637015,0.11374876360040027,0.20426287744227728,48.31148931672465,9.099971716690927
A1D9Z7,ES,0.2034394010294899,0.33809662681054403,33.60059523282288,4.629150116841727,0.30321735086458673,0.46533657745336754,30.822070014844883,2.8222898001571544,0.22173784542633942,0.36298760205624825,44.83302354291979,6.021665397387755
A1E9Q1,ED,0.2798778845290506,0.4373509190402714,13.0,1.347557058529794,0.02783606962104044,0.05416441482015821,18.027756377319946,3.3208288977849207,0.07279017705719058,0.13570254205134966,57.697486947006624,10.48165086883224
A1E9Q1,ES,0.21244309559939845,0.35043804755945307,34.91418050019218,2.2989932675029,0.07671895730899027,0.14250507393447998,27.294688127912362,3.9016927267468073,0.2939336444284945,0.45432568461934986,57.39337940912697,6.656521433433623
A2C0I1,ED,0.37046955900732575,0.5406461698801489,21.494185260204677,2.055476550317421,0.024424227522342228,0.047683814705184034,48.02082881417188,3.048915380347209,0.10092491838955998,0.1833456881640772,35.63705936241092,4.638897815995392
A2C0I1,ES,0.15486491259051466,0.26819571865444547,38.1051177665153,7.858054380046907,0.017169095627879643,0.03375858684986228,52.10566188045211,5.382984388374952,0.04436906377206181,0.08496816941666774,54.12947441089743,8.102715943016982
A2L1N6,ED,0.5378730638458676,0.6995025486703943,50.724747411889595,2.287598110407602,0.0589061293266934,0.11125845378597593,51.048996072400875,8.082476805062212,0.18562610229277793,0.31312755671253895,65.00769185258002,6.408112445005377
A2L1N6,ES,0.3860248871872093,0.5570244672454661,62.321745803531535,3.318462760979132,0.016928218541128907,0.03329284846753566,62.161081071680215,12.110332166703138,0.044230426252915206,0.08471391972674493,64.69930447848725,10.470877682096729
A2N8V0,ED,0.3968943062280949,0.5682524503944589,29.223278392404914,2.7808430708944214,0.02496082381912889,0.048705908048497885,57.59340239992772,6.926911363958,0.24299616632262985,0.390984578884942,23.173260452512935,3.372445077300931
A2N8V0,ES,0.0655940594059695,0.123112659698051,74.06753674856482,7.524658351659865,0.0038629663515400646,0.007696202531655618,62.57795138864806,9.674000671660927,0.044205495818418074,0.08466819221969708,42.95346318982906,5.309262254698329
A3H1O5,ED,0.46436086270384713,0.6342164346654725,22.627416997969522,1.1505868511532358,0.016933776837022307,0.03330359797800542,77.13624310270757,11.671051092075048,0.35798511734402566,0.5272298094756405,21.6794833886788,1.9400060499567835
A3H1O5,ES,0.17071445413819453,0.2916414904330455,36.22154055254967,2.3534463635019742,0.0027843662988655997,0.005553270259162839,84.52810183601665,18.269519344169087,0.04807692307694214,0.0917431192660724,50.57667446560717,4.609145857434027
A4B5U4,ED,0.1184267105096772,0.21177375217676636,19.026297590440446,3.701019332452347,0.030572519083973168,0.059331135883859645,21.61018278497431,5.103678270916745,0.001827332095144084,0.003647998086299065,49.13247398615299,16.041949160802258
A4B5U4,ES,0.12555552526106517,0.2230996560244193,21.18962010041709,3.8463828747494766,0.03950045884371768,0.07599892526772704,18.0,4.956159031268523,0.005778491171754159,0.011490584104696496,57.0,14.771209837960452
A4J4S4,ED,0.2502738225629851,0.40035041611914524,94.36630754670864,7.080441183953003,0.03072525902108588,0.05961871750433928,46.92547282660026,4.905258998828975,0.0319430315361205,0.061908517350163894,55.226805085936306,11.89383013284786
A4J4S4,ES,0.1245733788396029,0.22154779969651972,100.72735477515529,11.429509053605472,0.05550581915846956,0.10517387616625101,56.806689746895124,4.536330029793511,0.026881720430120604,0.052356020942420776,63.33245613427605,12.488809246507609
A4U9V5,ED,0.5949793523147185,0.746065272194592,52.54521862167861,1.3212807935612525,0.12719979296067382,0.22569165423029244,57.706152185014034,3.2894782529597704,0.3640026863666944,0.5337272279665218,32.55764119219941,2.2823711029421325
A4U9V5,ES,0.4881606765327804,0.6560590993038833,56.73623181001713,1.4761006928300686,0.1709943001900068,0.2920497566252124,58.360945845659494,2.6211024866021946,0.39039150302581954,0.5615562266832513,30.347981810987037,2.1076371842709456
A6B5G9,ED,0.2506254598969941,0.40080018827960223,85.44588931013593,8.938550639391435,0.004580589750944681,0.009119407238543615,68.60757975617562,10.71446431259514,1.2675877804537804e-14,1.2675877804537804e-14,99.29249719893241,23.623285299377102
A6B5G9,ES,0.07268053283479614,0.13551198257082495,89.7552226892675,18.462712396910728,0.003502115861680964,0.006979787698138622,70.71067811865476,15.848833881696876,2.1640337589265924e-14,2.1640337589265924e-14,99.82985525382675,31.339468150952786
A6D5F9,ED,0.19530849427448646,0.3267917783735502,68.47627326307996,4.960528496052853,0.020693754052307,0.04054840929543677,63.00793600809346,6.348878921300052,0.05871856585609155,0.11092384274683845,108.3097410208334,11.800192133967293
A6D5F9,ES,0.1288641889545024,0.2283076923076957,70.5620294492725,7.185864113328651,0.04077849860982915,0.07836153161175907,65.52098900352466,5.568194921925503,0.015839368780551047,0.03118479016926136,104.75208828467335,12.311201606654878
A7D9L8,ED,0.3521156708484015,0.520836609529804,51.273774973177076,7.855048246571775,0.046519553548615096,0.08890336237076375,49.05099387372289,7.918769631664489,0.04560539556793656,0.08723251766152261,88.04544281222056,13.86283935631888
A7D9L8,ES,0.01608158462445546,0.03165412082611404,60.166435825965294,20.714233251664012,0.009346764980797494,0.01852042391193519,64.26507605223851,14.648625406603168,2.99043062200948e-14,2.99043062200948e-14,67.42403132415029,20.561966703376683
A7M7P8,ED,0.27324322306026977,0.4292082111436984,58.0,6.528294008494033,0.06010338345865104,0.1133915510439332,80.7465169527454,6.84279405166198,6.797634423220673e-15,6.797634423220673e-15,87.75534171775527,9.526621104241798
A7M7P8,ES,2.10792580101176e-14,2.10792580101176e-14,55.35341001239219,25.30909077617973,0.0034930996965068808,0.006961880849126873,89.1010662113535,13.323289735900843,1.9860973187685804e-14,1.9860973187685804e-14,88.82004278314665,14.678447813379488
A7O4T6,ED,0.43884083044983185,0.6099921842121109,46.281745861624536,5.037047428898803,0.11444812884889517,0.2053897815183269,38.65229618017538,3.187511786370213,0.266151758689076,0.42041051850630856,37.0,2.513739877417555
A7O4T6,ES,0.32452830188680093,0.49002849002849486,57.60208329565867,6.458160271133588,0.11531127313517538,0.20677863823796433,46.238512086787566,4.709884851222093,0.2743215662559583,0.4305374303001577,36.68787265568828,2.6246655613985013
B0H7V0,ED,0.5671531373999625,0.7238005321431649,11.445523142259598,1.2867409862345005,0.06583707133555879,0.12354059190877598,65.58200972827838,7.273411320727947,0.0024599269957228816,0.004907781207955316,89.90550594930212,17.830360325038722
B0H7V0,ES,0.43396226415094935,0.6052631578947397,13.0,1.3813456769916197,0.056838223504897735,0.10756277023439956,68.47627326307996,11.432933631489886,1.5112588786458892e-14,1.5112588786458892e-14,97.06183596038146,23.38378836173436
B0I2Z0,ED,0.309234171965727,0.47238939921867307,65.83312236253116,11.713418024164616,0.0312916633989567,0.06068441064639498,68.2934843158555,12.75078304798022,0.42646580687114527,0.5979334447652364,90.38252043398657,3.128543457506815
B0I2Z0,ES,0.08627717391306416,0.15884928080051786,70.97887009526144,20.864268750758722,0.004247286455884811,0.008458646616550672,72.78049189171504,15.850305027335342,0.3911564625850439,0.5623471882640638,95.67131231461184,4.511038930915868
B2C2Z7,ED,0.4794660573627595,0.6481609428977865,51.332251070842396,3.782283751364162,0.05808158493817106,0.1097865906844269,45.32107677449864,6.10026119555014,0.1398199692052639,0.24533693562633532,84.5103543951864,5.762329039431378
B2C2Z7,ES,0.32601125100456,0.49171717171717516,53.075418038862395,5.99622011852796,0.08025127046866827,0.14857889578569652,73.37574531137656,7.14089527061507,0.2629235068110438,0.4163728133858853,104.43658362853508,8.121157183678886
B2D9M2,ED,0.0421120829284198,0.08082064034815997,51.59457335805772,16.284150869737417,0.0006988120195754656,0.001396648044701454,58.215118311311535,7.186685214472339,0.025457047375673034,0.049650148567055984,66.49060083951716,7.974743032822496
B2D9M2,ES,2.1584286639326104e-14,2.1584286639326104e-14,58.08614292583042,37.72520162416909,0.00038513383401694217,0.0007699711260923891,61.424750711744856,10.968715169402962,0.01789093411321146,0.035152949129642806,87.12060605849801,6.403134855987478
B2G5R2,ED,0.21172147366438132,0.34945567651633475,53.48831648126533,9.998190051758094,0.02204192992533729,0.043133122585184105,80.7093550959243,7.165186231814792,0.008419615428387662,0.016698634773789724,72.42927584892728,19.766408384967228
B2G5R2,ES,0.11947828226899078,0.21345350626512186,88.41945487278238,16.734697690820262,0.012424474512815824,0.024544002689761917,86.33075929238663,11.799175238632845,0.00021231422507430548,0.000424538314604109,71.58910531638176,27.94265129418502
B3F0V9,ED,0.27009182666768405,0.42531070745698246,71.97916365171243,3.34777199754953,0.16112391614532806,0.2775309575574319,11.045361017187261,2.0428851170376103,0.23595287415847208,0.38181532498821885,71.14070564732964,7.6829839797988315
B3F0V9,ES,0.22045714285715176,0.36126978181478264,65.58200972827838,4.7238945298165955,0.10933568193257286,0.19711920154248389,13.038404810405298,2.492808232420707,0.16920897799085674,0.28944180411891446,76.10519036176179,9.696647315228363
B3O1S0,ED,0.5796237277680726,0.7338756915066728,47.686476070265456,5.519146975106492,0.09332864345176348,0.17072386058982122,68.1248853210044,3.9991201596399923,0.10893810870248893,0.19647283801969548,83.33666660000267,13.137434960078622
B3O1S0,ES,0.2625667464555466,0.41592533177775387,52.86775955154521,10.375373500020153,0.008020128951108539,0.015912636505475572,72.49827584156743,9.738419958374052,0.021780303030318467,0.042632066728467054,79.20858539325141,21.030781169752938
B3P3R1,ED,0.15815602836880926,0.273116962645449,22.759613353482084,3.3955011387463667,0.05095989546689063,0.09697781178271714,30.692018506445613,3.934031239797309,0.06427904806347336,0.1207935985969624,27.784887978899608,3.434182983044827
B3P3R1,ES,4.288164665522972e-14,4.288164665522972e-14,36.180105030251084,19.56977529981811,0.01128498344870582,0.02231810742450495,58.215118311311535,7.02183430347271,0.009699909063382549,0.01921344941461966,30.166206257996713,6.325268137922317
B4O3V3,ED,0.03470796790446879,0.06708746618576135,75.82216034906945,21.40361112760145,0.006682625174551133,0.013276528286936425,72.47068372797375,7.159271797694474,0.16391158989599589,0.2816564270326396,22.40535650240808,3.6257161637500905
B4O3V3,ES,2.2104332449159547e-14,2.2104332449159547e-14,82.46817568007674,57.589380728524795,6.996431819771867e-15,6.996431819771867e-15,75.0066663703967,15.404939967506673,0.230477094706878,0.37461419753087627,93.96275858019496,2.864403943754091
B5F8L9,ED,0.6603113130259949,0.7954066298838209,78.44743462982075,4.510175027127256,0.29779647069580967,0.4589263068902391,72.03471385380801,3.0176250035930487,0.37414215686274893,0.5445465085169021,53.48831648126533,3.2511151844721624
B5F8L9,ES,0.49163491800564035,0.6591893392559727,51.31276644267,5.101632743206575,0.2734877734877813,0.4295098534613489,47.21228653645151,4.62924513994291,0.17396907216495436,0.2963776070252513,55.10898293381942,4.9582123745023345
B8H5H6,ED,0.49202350965575503,0.6595385481148018,46.8187996428785,1.3987266433508485,0.029000217501638302,0.056365814133734544,67.11929677819934,5.021815033554975,1.0456969570218442e-14,1.0456969570218442e-14,78.52388171760232,18.652922292937667
B8H5H6,ES,0.36295247367024197,0.5325974025974056,53.45091205957107,2.079666157696125,0.022192779065923963,0.043421905379139314,52.43090691567332,7.030608462635127,1.1761938367442817e-14,1.1761938367442817e-14,79.45438943192504,20.029704204930894
B8J7R4,ED,0.49218205358032574,0.659680971768006,56.78027826631356,5.7965145796959385,0.04167055965618012,0.08000717553144605,85.29947244854449,9.056581636177555,0.0017504619274627854,0.0034948063294922486,87.06893820416096,25.792941177562884
B8J7R4,ES,0.30075625363584496,0.46243291592129404,61.652250567193406,8.688019944686339,0.011756489349330558,0.023239760699505025,89.2468486838611,12.071799627252059,1.2144765606023656e-14,1.2144765606023656e-14,90.56489386070079,25.16801329851671
B9E0Q1,ED,0.26896903708745096,0.4239174152031142,65.73431371817918,9.948158916714394,0.01988427143609658,0.0389931916649573,66.007575322837,11.926040845139537,0.17599893976542857,0.29931819462444753,66.34003316248794,9.159724647188852
B9E0Q1,ES,0.11630542569770341,0.20837563451777655,72.02083032012335,17.6149210464114,0.006707317073182845,0.013325257419757562,72.36021006050217,17.688281436036,0.08160528216239471,0.15089660434949304,69.98571282769076,10.51906598584207
B9H8N8,ED,0.3436862745098142,0.511557319635775,6.708203932499369,1.2439545076347922,0.04289382268540941,0.08225923244027397,53.04714883949938,3.0744406412783243,0.3389414651244381,0.5062827225130934,80.06247560499239,4.72774536387787
B9H8N8,ES,0.25579027742429994,0.4073773814349532,52.3450093132096,1.633111255112479,0.028551034975035177,0.05551700208190396,60.440052945046304,3.996136085911501,0.037451279444178316,0.07219862789939444,85.44003745317531,10.803559186273237
C0K1P0,ED,0.30020040080161253,0.4617755856966763,50.60632371551998,3.3732407541986795,0.014368829337103187,0.02833058138525221,61.773780845922005,4.79655473810716,0.061257679797631706,0.1154435552528671,67.80855403265875,6.295651770645419
C0K1P0,ES,0.14213309828120005,0.24889060389737125,55.0,7.267965963177153,0.007678621593791481,0.015240219310482155,64.91532946846992,8.083697521363128,3.034901365705522e-14,3.034901365705522e-14,73.66138744281159,8.24621415848939
C1K8P5,ED,0.543999078553334,0.7046624393882902,52.01922721455981,4.960589856653895,0.23664321084181345,0.3827186512118084,55.31726674375732,3.798637323711527,0.45307612095933975,0.6236096160746356,68.1395626636978,2.675225594931814
C1K8P5,ES,0.15358224016147018,0.26627011896432357,57.227615711297986,7.0040844740809245,0.11240721102864772,0.20209723546235778,58.88972745734183,6.986526095339003,0.027010683329993405,0.052600588812579924,76.5963445602987,6.661526228031737
C2J0K3,ED,0.15636393097302798,0.2704406922160774,43.977266854592045,5.93268967297158,0.0013634297833711995,0.0027231467473575258,76.5963445602987,6.226375774692036,0.00594594594595938,0.011821601289642507,56.621550667568265,14.027040209199697
C2J0K3,ES,0.031053294167036692,0.06023606023607936,51.01960407529639,12.086141407527677,0.0021118721461244176,0.004214843082536856,80.73413156775763,9.302753481654653,0.07989756722153445,0.14797249229311957,56.52433104425032,9.856172089707055
C4E9I1,ED,0.24178762414057112,0.38941864041833657,60.241181927316134,11.504045719784171,0.01868748903316802,0.03668934630953821,68.14690014960328,8.890946295423822,0.006003485895042244,0.011935318275160343,101.47906187977893,27.83058156627551
C4E9I1,ES,1.6969285593076245e-14,1.6969285593076245e-14,69.36137253543934,27.976342237970645,5.562044607597723e-15,5.562044607597723e-15,73.56629663099808,16.69017340951827,1.470588235294096e-14,1.470588235294096e-14,109.63576058932597,39.9687305321072
C5M4S2,ED,0.5452208245340231,0.7056866123952719,44.66542286825459,5.631544793852909,0.10429447852761736,0.18888888888889707,42.906875905849866,6.658495788617412,0.2186525058081698,0.35884307424151995,50.75431016179808,7.608473716361289
C5M4S2,ES,0.32245748004166397,0.4876640419947574,61.27805479941412,7.9986062043698025,0.13845958956170334,0.24324023589630306,47.085029467974216,6.863680120668171,0.17975413948821903,0.30473152578416474,59.033888572581766,10.315109356533197
C6E0F9,ED,0.4973283462463332,0.6642876260148125,73.81734213584231,1.310814037649676,0.03099987295135267,0.0601355514479475,73.30757123244501,11.862533550952497,0.06417382516423224,0.1206077872744609,93.04300081145277,19.09828684702858
C6E0F9,ES,0.26005154639177164,0.41276334628759637,81.44937077718895,2.675801926250185,0.00239167135623238,0.004771929824575372,79.21489758877429,17.3373616778471,0.01572858442741433,0.030970053749692462,89.08984229416954,22.880314543260628
C6J5P1,ED,0.705838154632206,0.8275558296260414,8.366600265340756,0.9418166007441482,0.35257826887661736,0.5213425011913709,22.22611077089287,1.307039835171944,0.5808517204135196,0.7348592064808954,60.959002616512684,2.4495882003104814
C6J5P1,ES,0.6783346592415833,0.8083425501659041,28.35489375751565,1.549138956754839,0.3370150862069025,0.5041305661898079,28.6705423736629,2.213819034004527,0.4591755415489426,0.6293629909140578,63.54525946126902,2.774169122120004
C6U4W8,ED,0.02461085401767959,0.04803941695751336,17.578395831246947,4.342047294597453,0.002223420024262214,0.004436974789922659,22.045407685048602,3.9538282003300136,0.11768891418814405,0.21059332824039712,18.05547008526779,3.304018849812346
C6U4W8,ES,0.006522156148110368,0.012959786544711017,22.20360331117452,6.165314714114104,0.0018274111675228239,0.0036481556546513615,19.79898987322333,4.074789661876361,0.06359223300973146,0.11958010041079144,32.89376840679705,4.131251772189058
C8P3S7,ED,0.5683453237410135,0.7247706422018374,25.199206336708304,0.8974120863922928,0.051781040172993606,0.09846353603117185,56.868268832451726,5.657699742237455,0.14852332715081826,0.25863354037268005,82.71638289964086,6.965931575097025
C8P3S7,ES,0.008745375042078413,0.017339113037711993,43.197222132910355,5.791849846023499,1.436368859523105e-14,1.436368859523105e-14,90.54280755532159,18.203352728748346,0.0004848484848727155,0.0009692270414586632,83.06623862918075,23.049926556136967
D0R0R9,ED,0.4973528966873469,0.6643095262147726,63.06346010171025,5.46957588724163,0.10193606483566771,0.18501266650323459,75.82875444051551,8.415767207700437,0.11958122035008802,0.21361776738750418,59.0,6.046017716902712
D0R0R9,ES,3.139717425431613e-14,3.139717425431613e-14,71.61703707917552,23.347974273245157,0.003756054166264666,0.0074839980305366075,78.61933604400383,27.18871932641899,3.3624747814390265e-14,3.3624747814390265e-14,75.87489703452651,10.04603154080472
D1H6U2,ED,0.0009353741496683594,0.0018690000849630288,48.46648326421054,23.63960867838052,0.004169562195974367,0.008304498269901097,44.14748010928823,8.446589769833427,0.06350854769133198,0.11943213400436326,64.62197768561404,6.403845873117094
D1H6U2,ES,2.1137180300147515e-14,2.1137180300147515e-14,54.194095619356915,27.519782992899565,6.82035193015955e-15,6.82035193015955e-15,48.7134478352744,12.715091909642904,1.624431448992826e-14,1.624431448992826e-14,78.67655305108377,16.86563361179504
D1J5P6,ED,0.3293283833952121,0.4954808571138444,50.882216932834204,7.560443386873997,0.04714748079803369,0.09004936107395356,71.84705978674423,11.950015046108625,0.1309334357679903,0.23154932311126583,117.69876804792818,12.320117386622426
D1J5P6,ES,0.32623092427296935,0.49196699956578743,67.88225099390856,9.44576767951948,0.05385144429161586,0.10219930822946484,86.3075894692929,9.570771168628445,0.03366463610132485,0.06513647642680868,118.9663818059539,21.57023164521171
D1M1S6,ED,0.012334861148564219,0.024369132432258977,58.881236400062114,9.715948043843348,0.013432602696938547,0.026509118931420366,60.90155991434045,6.256757788833143,8.936550491510197e-15,8.936550491510197e-15,86.91950298983537,20.20603422279468
D1M1S6,ES,1.0222858311183702e-14,1.0222858311183702e-14,107.8424777163433,73.14297627033055,6.743088334457136e-15,6.743088334457136e-15,61.603571325045756,8.252750483485089,1.3475272874275522e-14,1.3475272874275522e-14,84.9352694703443,13.770310869223243
D3D4Y5,ED,0.3227969348659085,0.48805213613324144,49.05099387372289,3.3353004497091314,0.01657894736842968,0.03261713694021026,64.10148204214939,4.396904592753989,0.27763243950295097,0.4346045559252672,63.89053137985315,6.477740457438323
D3D4Y5,ES,0.19884792626729958,0.33173169325390484,55.54277630799526,9.52420037036767,0.004059405940603921,0.008085987575199604,69.12307863514182,6.586029085314095,0.16729797979799732,0.286641427798823,68.54195795277518,11.426977121263603
D3F3O5,ED,0.3480851740028655,0.5164142158307331,11.874342087037917,1.703529901218817,0.01885182973642396,0.037006028131287366,16.15549442140351,3.101346416724064,0.021617069062333693,0.042319318494100554,31.192947920964443,5.8938916473803635
D3F3O5,ES,0.13170673931068186,0.2327577184720122,10.488088481701515,2.2945294555666327,0.009529997834102128,0.018880068654805633,34.49637662132068,4.91288694748832,0.00047755491882759695,0.0009546539379594158,34.292856398964496,6.859117817605427
D3F9H9,ED,0.2906721713327404,0.4504198320671786,17.146428199482248,1.2231368851494344,0.036657211433569314,0.07072195327300494,48.425200051213004,3.8193317660812847,0.1188642479354262,0.21247304693979754,34.49637662132068,3.506108863849872
D3F9H9,ES,0.052646085997821036,0.10002618486517151,65.46754921333164,11.899542489733337,0.004175064785502387,0.008315412186394146,67.21606950722423,9.457442182872946,0.0415618991273622,0.07980687304744279,69.3757882838098,7.687511900019748
D3O9U9,ED,0.1968094329807665,0.328890176760369,42.76680956068619,3.800201825821708,0.04394449116905967,0.0841893252769478,57.3149195236284,8.087947156406436,0.046428571428590346,0.08873720136520499,67.7421582177598,6.249215329473101
D3O9U9,ES,6.222775357809196e-14,6.222775357809196e-14,59.9666574022598,40.685907628564095,0.0002667022269769267,0.0005332622317157641,65.79513659838392,21.574382346580034,4.4603033006242437e-14,4.4603033006242437e-14,76.81796664843453,12.071992337602598
D4M3Q2,ED,0.26192036703261296,0.41511393884308634,72.95889253545451,4.519561555533706,0.07939178662678956,0.14710467063103086,70.34912934784623,3.040245608795659,0.023134571521676254,0.045222929936313334,90.39358384310249,9.465721791852404
D4M3Q2,ES,0.22269112157118615,0.36426390548255194,51.894122981316485,6.9768384158606205,0.027572940044893975,0.05366614664587322,39.8622628559895,3.580296982560455,2.0721094073766665e-14,2.0721094073766665e-14,93.96275858019496,9.050179692894071
D4N6W6,ED,0.46009336217693886,0.6302245789145381,86.53900854527974,10.027075457354167,0.12411300040167193,0.2208194378275462,84.69356528095862,10.061509675375575,0.27689243027889293,0.43369734789392095,118.54956769216832,4.031207238909596
D4N6W6,ES,0.3341317365269575,0.500897666068229,91.90212184710427,13.578780942349736,0.08287377450981798,0.1530626679869974,88.74119674649424,12.368132571712595,0.14522224221703897,0.2536140791954863,121.4454610102823,6.025598238646482
D8E4F4,ED,0.6342233009708782,0.7761770384672525,28.861739379323623,1.895066410167269,0.18553092182031697,0.3129921259842616,45.088801270381985,3.442121618240143,0.26121530382596203,0.41422793242922074,27.09243436828813,3.737687572038937
D8E4F4,ES,0.5033175355450394,0.6696090794451519,9.0,1.037071025678466,0.15936826992104883,0.27492260061920626,50.96076922496363,5.7408131519322225,0.12566641279513519,0.2232746955345136,39.50949253027682,3.8448457604465993
D9F5P1,ED,0.2450698294617219,0.3936643932134638,46.216880033165374,7.616738915016308,0.05933523760062932,0.1120235322956299,42.02380277890139,4.403477059525234,0.1817405582922878,0.3075811471765268,79.42921376924235,6.168092700905637
D9F5P1,ES,0.1259851138353861,0.2237775833576434,50.24937810560445,13.39621583738299,0.025466893039056755,0.04966887417219259,47.265209192385896,7.402514208488706,0.1372099684904101,0.24130982367758663,82.97590011563598,7.061321188338902
D9L1Z3,ED,0.4552626693892755,0.6256776580139063,44.294469180700204,1.8637354204465026,0.14997378080756227,0.26082991336070155,12.409673645990857,1.6542261670255418,0.355838072934096,0.5248975966046513,66.61080993352356,3.5164241848349276
D9L1Z3,ES,0.5188164712298947,0.6831852051351137,45.81484475582123,1.8422630411655208,0.19905687339240927,0.33202240495770075,13.341664064126334,1.4897544499797706,0.45580795555996967,0.6261924230035457,68.62943974709395,3.0709207819543796
E0J7L9,ED,0.3983576201594123,0.5697507052795235,25.787593916455254,2.036077269013636,0.07862903225807297,0.14579439252337176,57.0087712549569,3.056696769833435,0.1854016679734893,0.31280817799158567,68.7749954561976,4.515292772057311
E0J7L9,ES,0.4454880060921507,0.6163842303977556,25.768197453450252,1.54193253459913,0.12323434545657744,0.21942766610556275,63.35613624582863,2.1851212261680395,0.24955509924710131,0.3994303242769566,96.97937925146768,4.820955515252891
E0M3U7,ED,1.022808632504848e-14,1.022808632504848e-14,80.23091673413684,40.81779532888335,0.017275704835919226,0.03396464646465257,86.2670273047588,6.083537723120466,0.08835568990491159,0.16236546695984747,98.98484732523458,13.909231265126248
E0M3U7,ES,1.4947683109117865e-14,1.4947683109117865e-14,86.67756341753038,47.03026098036422,9.994003598840596e-05,0.000199860097941439,92.03260291874831,12.922999868491447,0.018565498154992865,0.03645420581909842,103.83640979926068,17.6920579789169
E0O0S0,ED,0.034715781105081264,0.06710206172365817,23.2163735324878,4.677674547700146,0.006219540496639563,0.01236219382813316,68.1615727518079,5.663143432499282,0.1550267621074408,0.2684383898163181,29.017236257093817,3.4581466104207763
E0O0S0,ES,0.0342458513899267,0.06622381195708671,17.578395831246947,4.176297278569929,0.0029145479350179654,0.005812156062579572,74.33034373659252,5.679762691244765,0.13179262960650498,0.23289183222958762,16.24807680927192,2.9978197459846196
E9H1U4,ED,0.6596567187258442,0.7949315196124123,4.47213595499958,0.6420304907695962,0.221516927083346,0.36269153897402584,43.30127018922193,4.564559517956345,0.6290101453249297,0.7722605621949186,16.24807680927192,1.0252163527435831
E9H1U4,ES,0.3281569268492306,0.4941538461538617,22.759613353482084,1.2876923954090391,0.16565989383124355,0.2842336683417198,47.10626285325551,7.717493965414826,0.3727711348856855,0.5430929095354593,30.14962686336267,2.4794600120521175
E9V4Z8,ED,0.4499189627228585,0.6206125642745389,10.099504938362077,1.757209023919812,0.05099433396290355,0.09704016913320195,87.66413177577246,2.7028966082475625,0.3285584356525744,0.4946089337669035,20.12461179749811,2.7727204005678834
E9V4Z8,ES,0.34794828555370017,0.5162635529608107,9.219544457292887,1.656920814956752,0.017685950413239376,0.034757186941708054,79.58643100428615,2.6795526341470004,0.33992718446602743,0.5073815777556425,26.153393661244042,2.521314185632695
F0K4T6,ED,0.39317222861527124,0.5644273127753329,63.35613624582863,3.168584600070214,0.03917033499963412,0.07538770821367695,50.48762224545735,5.646972663250422,0.3331441946237369,0.4997871887635694,67.72739475278819,3.7527912523829854
F0K4T6,ES,0.24925816023739697,0.39904988123515966,66.17401302626281,3.6012095875812697,0.07432150313153174,0.13835989117762038,53.46026561849464,4.9082684987296705,0.3086727359846736,0.47173403632103494,66.24952830020754,5.949282006593747
F2H5S1,ED,0.3244370308590586,0.4899244332493756,18.973665961010276,2.299225760413413,0.0036349574632714337,0.007243584803891445,44.553338819890925,8.429233267898715,0.24026330224905046,0.38743918620080287,13.601470508735444,2.5963787590556575
F2H5S1,ES,0.02470522178554114,0.04821917808221785,22.759613353482084,7.398511337419282,0.0006308650737402363,0.0012609346678303943,48.2078831727758,12.077198734523598,3.238341968911812e-14,3.238341968911812e-14,16.55294535724685,4.520923205532821
F3G5K5,ED,0.5496568814334754,0.7093917215080887,26.570660511172846,1.7590642675456034,0.14495944380070022,0.25321323752656993,22.9128784747792,2.406491150237479,0.20102857886856845,0.3347606916364067,33.34666400106613,4.775229369255535
F3G5K5,ES,0.33671716382945843,0.5037971725668906,44.96665431183423,3.5709937301995973,0.0918778975254435,0.16829335539013418,40.93897898091744,3.4521047314392685,0.002693170888111557,0.005371874400466807,35.34119409414458,7.423759618750381
G4S9U3,ED,0.466208012950228,0.6359370687275764,15.231546211727817,1.8059509874346897,0.10562646522533074,0.19107079750266,80.89499366462674,2.9284692186764514,0.0877862595419939,0.16140350877193757,131.19832316001603,4.209284811548109
G4S9U3,ES,0.26840965346535783,0.42322234418832266,104.65658125507444,2.0748999108334325,0.05798159778006341,0.10960795140807414,84.91171886141512,3.40384739526361,0.0010702818409025852,0.0021382751247504966,129.3560976529518,4.876482535106839
G5P4U3,ED,0.3054885404101432,0.46800646800647416,13.379088160259652,1.76735641825047,0.030345710627413182,0.05890393935629354,9.273618495495704,2.6610725285553554,0.25933660933661845,0.411862257340753,72.38784428341543,2.3068700557066864
G5P4U3,ES,0.1197604790419567,0.21390374331554038,17.944358444926362,2.603180702853336,0.0019913106444786025,0.003974706413748799,18.275666882497067,5.070959562838629,0.021103896103915967,0.041335453100178034,73.83088784512888,4.177178821018629
G7I5V7,ED,0.5063291139240561,0.6722689075630276,10.295630140987,1.246277182442764,0.051477740366636354,0.09791503593539388,55.98214000911362,7.545665989363583,0.11955040871935604,0.2135686035899076,107.53139076567363,4.735697730643052
G7I5V7,ES,0.21836401771150737,0.35845447589901763,13.74772708486752,1.55420410381798,0.006257004109086606,0.012436194895600812,60.382116557802114,13.092512776489638,0.045191612436749,0.08647526807334682,98.55455342093535,10.875276590622143
G7S6V0,ED,0.4285798329215236,0.6000082362146374,11.74734012447073,1.4309190826092222,0.14554794520548717,0.25411061285501335,16.911534525287763,2.8783084961464294,0.22235344642474114,0.3638120333772536,59.61543424315552,4.738172650224176
G7S6V0,ES,0.4442476225992966,0.6151959202117383,16.278820596099706,1.3968805420550914,0.1421456320350718,0.2489098203383983,21.470910553583888,2.906998312180634,0.1695048467382834,0.2898745519713315,49.457052075512955,5.163494263670941
G9N5V9,ED,0.19300090835206202,0.32355534182896806,41.78516483155236,4.429073438818941,0.007158590308376119,0.014215418261350986,58.83026432033091,7.55190398081577,0.01716846556839603,0.03375736891095853,66.27216610312357,9.856390770858955
G9N5V9,ES,0.1327002183738808,0.23430774748924305,41.048751503547585,5.508423922436087,0.0016832836980512644,0.0033609100310302265,61.326992425847855,9.128802107121677,7.85607667530829e-15,7.85607667530829e-15,62.465990746965666,10.478434682361716
H1I3W0,ED,0.395133819951348,0.5664457621206886,29.715315916207253,2.447298072507035,0.05517855156303198,0.10458618871903949,36.24913792078372,5.26857179296214,0.04031685977773657,0.07750880781908084,62.56996084384263,6.112211970473407
H1I3W0,ES,0.013268156424615459,0.026188835286043204,41.677331968349414,8.217104203986581,0.004176112635735542,0.008317490494308362,37.067505985701274,5.801915544091793,2.3546032493524287e-14,2.3546032493524287e-14,66.1362230551458,7.831504806059304
H1N8S6,ED,0.6227068189685078,0.7674914675767943,27.459060435491963,1.119234634260787,0.07858214553640137,0.14571378890629202,29.29163703175362,4.041124023245378,0.318596297319711,0.48323554065381935,29.427877939124322,3.0562675987592822
H1N8S6,ES,0.43105142482805664,0.6024261844815838,39.1279950930277,5.911106848820417,0.049705304518682714,0.09470335017781967,37.05401462729781,6.311468196762805,0.23756660746005245,0.38392536777898484,34.84250278036869,4.394427374792399
H5N0P0,ED,0.15732833437478888,0.27188193652889037,13.038404810405298,2.3266500710503637,0.0021829044117761694,0.004356299438278066,26.551836094703507,6.157252370230234,0.034316118324714276,0.06635518429374174,41.78516483155236,10.18623681730687
H5N0P0,ES,0.09293340111846372,0.17006233137967094,25.495097567963924,3.9031583704397566,0.0006290099383695983,0.0012572290671485887,29.017236257093817,7.293489132151642,1.0658708164570341e-14,1.0658708164570341e-14,34.10278580995987,14.945872366865311
I2J6Z6,ED,0.6303972366148571,0.7733050847457642,53.33854141237835,1.3933736837424786,0.3395498392283029,0.5069611137782084,22.561028345356956,1.3719601101828787,0.49744014455654645,0.6643873497913437,42.988370520409354,2.5817139773349718
I2J6Z6,ES,0.3535464098073697,0.5224001293870367,57.766772456144714,2.220333914654346,0.3803765116569084,0.5511199421965358,21.95449840010015,1.1891199878139969,0.4390810762492229,0.6102242375302838,40.47221268969612,2.770149868974275
I5L3S2,ED,0.6422577152138652,0.7821643451743198,43.02324952859791,2.5030107229986402,0.08090655862244771,0.14970130022257058,39.06404996924922,6.200344227243971,0.15250544662310173,0.26465028355388126,66.29479617586888,7.800128639812026
I5L3S2,ES,0.13342175066315295,0.23543178095017,47.54997371187496,11.196756188324773,0.015437887750699533,0.03040636544474239,42.2965719651132,15.335807079093344,0.009962883375678648,0.019729206963268478,59.91660871578097,17.713881602870767
I7T3U1,ED,0.519533672330404,0.683806725432585,26.019223662515376,1.9837626462120541,0.10700592540956075,0.19332493702771628,88.61715409558128,3.45279179038035,0.038914277800871915,0.07491335643829546,53.53503525729669,6.202005048443539
I7T3U1,ES,0.48873268554890453,0.6565754756283897,8.602325267042627,1.2738865196500797,0.14870752250945182,0.2589127686472913,93.60555539069249,2.6199693389508814,1.9109497420217485e-14,1.9109497420217485e-14,57.59340239992772,6.399681622663633
J1T9Y1,ED,0.20601804034979546,0.3416500142734837,46.07602413403309,6.6054598441976875,0.003827530551076764,0.007625872840871887,52.124850119688595,6.749125424409729,0.059629119979037686,0.11254715230969568,79.37883848986453,17.438586783809413
J1T9Y1,ES,0.09581611570248713,0.17487626679237037,49.71921157862421,10.252455683761553,0.0003799598328230995,0.0007596310363591929,53.4696175411794,8.236267971901801,0.0006334626653020775,0.0012661232887631456,79.63667496825819,19.682156044567108
J4J8Q3,ED,0.731823329558327,0.8451477896939587,4.898979485566356,0.6201089444709846,0.3672003025337279,0.5371565554121378,32.31098884280702,1.4372001135268706,0.6713980964883519,0.8033969859113456,28.231188426986208,0.8533541787388553
J4J8Q3,ES,0.4001717475311421,0.5716038025145727,12.84523257866513,1.6759918218218006,0.3836841381207954,0.554583416186125,23.62202362203543,1.438608316789539,0.33658041603247757,0.5036440935317378,25.39685019840059,2.5918531801739357
J6K6P5,ED,0.6251540138375545,0.7693474077098049,65.46754921333164,5.172025223424759,0.17262878168439114,0.2944304018129583,57.66281297335398,5.265123800296437,0.31922385376086815,0.4839570674087144,78.8098978555359,3.515014427922225
J6K6P5,ES,0.2183335773905518,0.35841346153846926,74.13501197140255,9.769412689521685,0.05391360831439803,0.10231124807396916,68.19090848492928,12.91496775270571,0.04442601587490766,0.0850725952813171,89.91106717195609,8.414208234978078
J6P5T8,ED,0.5599517042816052,0.7179090259585633,47.265209192385896,2.4978161976592714,0.033923303834815045,0.0656205420827453,62.185207244167,10.343676883417892,1.1726078799249394e-14,1.1726078799249394e-14,85.28188553262645,31.4251414726578
J6P5T8,ES,0.28195763330899515,0.4398860398860463,53.24471804789655,3.8646151739251717,0.002727949078292116,0.0054410552349628575,67.23838189605696,15.755528958336152,2.1281123643327915e-14,2.1281123643327915e-14,86.00581375697809,32.97367710378968
J8R5W2,ED,0.532056990204812,0.6945655332752122,46.593991028886975,5.338032000965869,0.17251793129483606,0.2942691564713515,48.02082881417188,5.3271332568099785,0.3106396796190101,0.4740275827896628,62.72160712226688,4.622644368718246
J8R5W2,ES,0.3915375446960758,0.5627408993576064,53.749418601506754,7.884807577576232,0.1854971240756041,0.3129440304973201,52.32590180780452,5.600673158654564,0.24311327475659442,0.3911361574096214,65.09224224129939,5.095212726932333
K4T7Y0,ED,0.30756997455471474,0.47044514716614394,82.78888814327681,5.793644856136135,0.06472944025333832,0.1215885234429748,68.0294054067798,3.6293554515367044,0.1853218010684408,0.31269449511750924,85.84870412533901,2.923666492510991
K4T7Y0,ES,0.17597354886114666,0.29928147453921744,85.0235261559999,8.789714862142615,0.02158273381295984,0.04225352112677034,69.14477565225012,6.582530003858252,0.0259845716605963,0.05065294815989215,23.430749027719962,4.859513821515895
K5L2U3,ED,0.0029995946493797895,0.005981247979316149,84.48076704197234,25.233410320967966,6.007449237053912e-15,6.007449237053912e-15,76.2954782408499,11.898903293016385,0.002206876913227008,0.004404034664021847,104.33599570617994,40.21036241459601
K5L2U3,ES,1.2871669455528216e-14,1.2871669455528216e-14,87.87491109526086,34.25382526474694,7.339988256018736e-15,7.339988256018736e-15,81.2773031048644,18.562684991080886,0.01252069536424863,0.024731732243239397,105.9669759878048,32.97850632057833
K5P0Y1,ED,0.4392698338403965,0.6104065040650423,9.055385138137417,1.6616460492397511,0.10201668984701598,0.18514545339812466,9.899494936611665,2.2946601357945395,0.14384227742905517,0.25150718812799794,21.047565179849187,4.2618683916120705
K5P0Y1,ES,0.19858751136284736,0.33136923166676785,13.038404810405298,2.6683066250929848,0.029629007889885598,0.05755278389174976,14.317821063276353,3.692755564573458,0.15314656922452638,0.26561509752834567,30.789608636681304,5.503297660776516
K6N4N7,ED,0.4864553314121065,0.6545172547499043,74.68600939935136,2.1856410130378414,0.2944548779282466,0.45494807574832424,66.55073252789934,2.3305997467128208,0.2960947067628281,0.45690288713910954,101.44456614328833,7.368533010934495
K6N4N7,ES,0.7710769230769254,0.8707435719249487,77.23341245859851,1.3291580101670954,0.4769245780076156,0.6458347096518489,70.12132343303284,1.3645628206262717,0.6216362847222263,0.7666778186684525,74.00675644831355,3.3806602124144907
L1Q9V8,ED,0.42453935456385744,0.5960373831775732,48.176757881783615,4.944631925632976,0.0652981427175067,0.1225913011561835,43.78355855797927,5.310115113321141,0.2913947797716198,0.4512869098373628,33.896902513356586,3.2029826125156657
L1Q9V8,ES,0.07948825503357634,0.14727025451721107,52.583267300539625,8.881122945807379,0.024562664749592324,0.04794760846685712,54.71745608121781,7.379901220846324,0.07790204396452698,0.1445438282647646,40.24922359499622,5.0093328223788145
L4Q2U3,ED,0.49746031746032277,0.6644053423786329,63.48228099241551,4.325183073978778,0.10128559413674035,0.1839406502291165,64.1482657598785,4.577210861155617,0.14975015615241138,0.2604916474263258,91.96738552334735,14.069434875815865
L4Q2U3,ES,0.44842439356156316,0.6191892314916322,61.814237842102365,7.389266135485318,0.11180040458531205,0.20111596312470645,108.96788517723927,3.9660871965045628,0.09174705251876644,0.1680738268211352,93.34880824091971,13.979876274939327
M1R4S1,ED,0.5143769968051176,0.6793248945147704,68.1615727518079,2.8800218331983616,0.28460496613996134,0.44310114570886733,9.797958971132712,1.6325364340364281,0.5165165165165215,0.6811881188118833,91.78235124467012,3.038598694880039
M1R4S1,ES,0.13091380427740987,0.23151862464185585,81.10487038396646,17.810229164705724,0.08384572386809297,0.1547189272821129,75.2994023880668,3.182791990430716,0.1875957120980403,0.3159252095422529,101.16817681464859,12.06303046963249
M2P1R1,ED,0.4566397457963795,0.6269769132884964,9.433981132056603,1.2430544507884742,0.016247292117988532,0.031975075838328836,63.88270501473775,13.738543959217658,0.08809771309772495,0.16192978266062621,45.73838650411709,4.850597688208108
M2P1R1,ES,0.04661851608670234,0.08908406524469607,14.866068747318506,3.624154585120378,0.0006260434056865544,0.0012513034410948775,70.46275611981126,20.216179347781736,0.0013266998341956442,0.0026498840676050794,48.47679857416329,9.583960534106657
N5S7Y1,ED,0.3852256699576923,0.5561919307623803,46.84015371452148,4.17294146748578,0.03603461841070782,0.06956257594168386,60.241181927316134,9.709513826153506,0.051611432046221865,0.09815684857246768,87.11486669908874,13.760591439627571
N5S7Y1,ES,0.16485278955207738,0.28304484657750506,53.88877434122992,6.565971628349025,0.007706330792185883,0.015294794835959087,65.88626564011653,13.620362051835706,1.1397310234784461e-14,1.1397310234784461e-14,87.9715863219483,20.460966634772188
N8N9U0,ED,0.40668195217818925,0.5782145019326617,82.33468284993876,11.529559597171222,0.06594333936106651,0.12372766342456955,81.81686867633104,10.46417339179291,0.17540112028862065,0.2984532127135443,98.67623827447011,13.59486472605459
N8N9U0,ES,0.4289061767738361,0.6003279763857029,87.29833904490967,15.48285609579342,0.04345864661654855,0.08329730508719496,87.98863562983574,13.717137180853127,0.08208319685555793,0.15171328247972424,97.66780431646859,18.27309092743215
O0S9V7,ED,0.45319957144249096,0.6237265415549623,51.43928459844674,3.5011020830429183,0.05958673714560953,0.11247165532880393,91.14274518577987,8.694325310404176,0.2524441002807158,0.4031223433031965,84.581321815162,9.628603912011734
O0S9V7,ES,0.22249911000357384,0.3640069889341968,72.92461861401813,8.130125725277228,0.027649375107010547,0.05381091211995791,98.43271813782245,14.50266845731776,0.009009009009024672,0.017857142857158243,87.960218280766,20.269430569763145
P0S5Y0,ED,0.14408126598024226,0.25187243295482453,42.81354925721529,6.367032537322922,0.03632192697381612,0.07009776793950027,41.20679555607303,5.16896675034001,0.022338013219476906,0.043699858423789324,73.46427703312679,13.984347181922423
P0S5Y0,ES,0.039968549338238235,0.07686491935485035,53.49766350038102,11.834052477531678,0.007533075900493717,0.014953505906012722,61.61980201201558,8.400505729082383,0.0020990764063916656,0.0041893590280791355,76.55716818169282,24.01079969348411
P3P9S5,ED,0.48129770992366905,0.6498325173924269,26.851443164195103,1.5161507837185753,0.0959162501178997,0.17504302925990384,37.986839826445156,2.5155211515959097,0.12381323969307183,0.22034486749219143,76.55716818169282,10.101933818296523
P3P9S5,ES,0.2697288896563759,0.4248606011151989,19.949937343260004,2.2112519245419793,0.05609963806686123,0.10623929039412251,42.80186911806539,3.8447190557139646,0.03941958887546119,0.0758492322010309,77.12976079309465,21.487970392442325
P5R1Y4,ED,0.1379174852652316,0.24240331491713146,63.56886030125127,10.964735037783328,0.0004570906182207722,0.0009137635636836042,55.767373974394744,7.7049855144005726,7.375175160410006e-15,7.375175160410006e-15,67.70524351924303,28.001304076510003
P5R1Y4,ES,0.006268806419270232,0.012459506603550803,75.49172140042907,27.276938545041688,7.048209754722251e-15,7.048209754722251e-15,59.54829972383762,11.95007479397534,1.6010246557796733e-14,1.6010246557796733e-14,85.98837130682264,26.075059495797017
Q0U0V5,ED,0.588384980773583,0.7408594111573935,31.32091952673165,1.292364814345763,0.10517179456483237,0.19032659914423883,81.73738434767778,5.020921588320363,0.048919135308254216,0.093275322494473,107.93053321465618,10.134998909149513
Q0U0V5,ES,0.39861074004809377,0.5700095510983784,77.64663547121665,2.87798136534677,0.07287718598311675,0.13585373411838156,87.13782186857783,6.88514385042257,0.006484641638236559,0.01288572397423971,106.69582934679312,13.570580825574908
Q3R9W7,ED,0.3946075974741967,0.5659048440419753,40.47221268969612,2.5759671490127154,0.004983470666605788,0.009917517674788837,95.26804291051643,19.69701115245831,0.002482728842843237,0.004953160331657102,91.7442096265481,11.093280778081333
Q3R9W7,ES,0.19260937772356299,0.32300496930723,103.4311365112073,5.035290233823332,0.0006548788474182629,0.0013089005235652372,100.70253224224304,21.958540516059138,2.331545814875208e-14,2.331545814875208e-14,120.96693763173474,14.617445142584938
R4Y1Z9,ED,0.4980264524617444,0.6649100910645789,63.53739056650029,7.118196112138186,0.09544586855741209,0.17425939756037528,67.63135367564367,6.160465016627493,0.08627469787071224,0.15884508410225087,86.72369918309528,9.194371144825164
R4Y1Z9,ES,0.26670378619154494,0.4210989010989062,70.32780389006896,9.309226213801315,0.10637700159191772,0.19229792636479737,71.37226352022192,6.686812516829027,0.1995938687278973,0.3327690711516446,91.7442096265481,8.561706053208592
S1S3Z7,ED,0.47617312736811807,0.6451453674909935,30.430248109405877,1.2875710905095792,0.1036719035440345,0.1878672515103932,83.8868285251028,2.7875013746503976,0.0014004448471949796,0.0027969726883925405,51.35172830587107,12.091144601578986
S1S3Z7,ES,0.43857142857143433,0.6097318768619691,33.37663853655727,1.5305907509040244,0.1118097034475625,0.20113100848257115,86.07554821202127,3.18020162203198,0.011385816525715495,0.022515278224525207,51.95190083144215,8.180647947692018
T2T9Z9,ED,0.5409236973095612,0.702077199869154,52.21110992882645,6.5424487925420385,0.1190795953084509,0.21281702536203526,50.57667446560717,4.921236877468646,0.0948149236192781,0.17320721808546877,82.75868534480233,10.236162354900692
T2T9Z9,ES,0.5008212749315644,0.6673962893475106,56.90342696182718,8.098192702663267,0.13184931506850098,0.232980332829053,53.749418601506754,4.679727362317734,0.3596107055961133,0.5289906943450284,80.62257748298549,7.428715725964577
T9U9W2,ED,0.4539473684210569,0.6244343891402736,80.36790404135223,7.003300221194029,0.1564928642080037,0.27063351457022866,79.8060148109151,4.2413032535327755,0.18204876452299804,0.30802242680141684,77.87810988975015,5.578796025820665
T9U9W2,ES,0.1494222689075742,0.259995430660278,90.1665126307988,15.600527173673418,0.02235313105229969,0.043728786802438684,87.46427842267951,11.954111923768568,0.010307564422294094,0.020404805002484445,80.24961059095551,13.591842169271672
A0S9V9,ED,5.642703983748982e-15,5.642703983748982e-15,116.91877522451216,86.02139568195366,1.1781338360037563e-14,1.1781338360037563e-14,-1.0,-1.0,0.0014522821576867068,0.002900352185632868,136.0073527424161,31.940817685830325
A0S9V9,ES,8.074283407347533e-15,8.074283407347533e-15,104.47966309287182,87.13381279068916,1.3823610727121733e-14,1.3823610727121733e-14,-1.0,-1.0,0.00014797277302456129,0.0002959017606302664,143.35271186831451,45.841417150412944
A1D9Z7,ED,8.05866709646218e-15,8.05866709646218e-15,114.67344941179715,74.47933641680655,5.6957338953123795e-15,5.6957338953123795e-15,-1.0,-1.0,0.011473031781623292,0.02268578878749007,138.13037319865606,31.01926383400867
A1D9Z7,ES,1.2208521548040383e-14,1.2208521548040383e-14,118.44407963254221,87.9110870476697,5.9919707591826605e-15,5.9919707591826605e-15,-1.0,-1.0,0.005083925112984142,0.010116419108799598,130.080744155313,31.97912131334769
A1E9Q1,ED,4.473272198613266e-15,4.473272198613266e-15,99.04039579888602,58.97810103092918,7.176690110520977e-15,7.176690110520977e-15,-1.0,-1.0,0.0033268380780428534,0.0066316138506039195,125.00399993600205,39.11288918453352
A1E9Q1,ES,6.949753283758379e-15,6.949753283758379e-15,76.55716818169282,52.07435836238639,8.5711836804662e-15,8.5711836804662e-15,-1.0,-1.0,0.0038856856355038616,0.007741291047577677,119.04200939164292,41.22083123245756
A2C0I1,ED,8.649770781074227e-15,8.649770781074227e-15,105.46563421323555,65.591140685281,1.319783555496881e-14,1.319783555496881e-14,164.2589419179364,114.42404569015036,6.290890790135844e-15,6.290890790135844e-15,141.43549766589715,38.869061857735566
A2C0I1,ES,1.9774569903104216e-14,1.9774569903104216e-14,112.3120652467935,50.348774899581876,1.4142271248762351e-14,1.4142271248762351e-14,-1.0,-1.0,0.0004237288135699108,0.0008470986870076149,142.8775699681374,51.293995858575016
A2L1N6,ED,1.0525207872855378e-14,1.0525207872855378e-14,66.88049042882386,31.248473807716074,1.4725371815638127e-14,1.4725371815638127e-14,-1.0,-1.0,0.003827535742440574,0.0076258831445664725,133.70863846438644,40.525436006918085
A2L1N6,ES,0.0022883295194671086,0.004566210045678334,106.81760154581266,28.872499375093412,1.733402669440081e-14,1.733402669440081e-14,95.4829827770373,55.78759192068543,0.005698999767399329,0.011333410431374912,142.68847185389575,34.79836426523095
A2N8V0,ED,0.003328078472604601,0.006634078212307846,108.58176642512315,51.33314492067204,2.6838432635533366e-14,2.6838432635533366e-14,-1.0,-1.0,0.0004532064355427096,0.0009060022650169773,116.31852818876277,39.37990825699728
A2N8V0,ES,0.00913562895295119,0.01810584958220689,114.9826073804208,50.9581632665214,3.343363423604034e-14,3.343363423604034e-14,-1.0,-1.0,1.6007683688170065e-14,1.6007683688170065e-14,134.8332303254654,40.43019475561681
A3H1O5,ED,1.3471642193183168e-14,1.3471642193183168e-14,88.3911760301898,34.319824172335395,2.0682523267838248e-14,2.0682523267838248e-14,-1.0,-1.0,1.0799136069114355e-14,1.0799136069114355e-14,132.88717018583847,44.51071799959749
A3H1O5,ES,2.660989888238354e-14,2.660989888238354e-14,96.88137075826292,40.93232318151285,2.5471217524197008e-14,2.5471217524197008e-14,-1.0,-1.0,1.3713658804168765e-14,1.3713658804168765e-14,133.06013678032951,38.97850469146288
A4B5U4,ED,2.6528013582342885e-15,2.6528013582342885e-15,-1.0,-1.0,4.977848573846359e-15,4.977848573846359e-15,-1.0,-1.0,0.009501187648466752,0.0188235294117752,133.88427838995884,25.118379669506382
A4B5U4,ES,2.7879227187822276e-15,2.7879227187822276e-15,143.79847008921897,86.09857207344132,5.100479445067811e-15,5.100479445067811e-15,149.56603892595405,79.89654426000438,0.0078125000000152,0.015503875969007213,138.2208377922808,37.40149096503783
A4J4S4,ED,9.456264775413623e-15,9.456264775413623e-15,71.20393247567159,30.384685095621037,1.4216661927779156e-14,1.4216661927779156e-14,-1.0,-1.0,0.023374936873248514,0.04568205851251995,114.97391008398384,23.48023072627681
A4J4S4,ES,2.370791844475999e-14,2.370791844475999e-14,49.4064773081425,24.028694550736965,1.582028160101225e-14,1.582028160101225e-14,-1.0,-1.0,0.007545616682686137,0.014978213507638685,123.82649151130786,34.09876380882226
A4U9V5,ED,1.1669973159061599e-14,1.1669973159061599e-14,92.41753080449618,38.515002276887856,1.7553098121818194e-14,1.7553098121818194e-14,-1.0,-1.0,0.015817719612098522,0.03114283066086726,119.90829829498874,29.61591907578707
A4U9V5,ES,2.5303643724695717e-14,2.5303643724695717e-14,101.21264743103995,66.36044435605997,2.0571898786257548e-14,2.0571898786257548e-14,-1.0,-1.0,0.0009057971014622036,0.0018099547511441266,113.08846094982458,31.249043259933494
A6B5G9,ED,2.0916126333402618e-14,2.0916126333402618e-14,127.01574705523721,57.561174689947414,2.288853284504411e-14,2.288853284504411e-14,-1.0,-1.0,0.003238524359349433,0.006456140350891137,136.3048054912225,29.149893178422754
A6B5G9,ES,3.43642611683837e-14,3.43642611683837e-14,136.7845020461017,55.62940411924417,2.164970772894519e-14,2.164970772894519e-14,-1.0,-1.0,0.031962025316471014,0.061944188899125084,138.28231991111517,28.98136659057262
A6D5F9,ED,4.4146212254988335e-15,4.4146212254988335e-15,114.58184847522752,68.15828569040117,7.585526814837233e-15,7.585526814837233e-15,-1.0,-1.0,0.010348071495773858,0.020484171322167163,135.41787178950938,44.33630996810019
A6D5F9,ES,5.1127358249399e-15,5.1127358249399e-15,112.41885962773328,81.27537203564066,7.982120051085505e-15,7.982120051085505e-15,-1.0,-1.0,0.009184736293920944,0.018202289360114296,131.59027319676784,36.296143931737475
A7D9L8,ED,1.2691965985530997e-14,1.2691965985530997e-14,78.90500617831546,43.601100837926815,1.2789359253101257e-14,1.2789359253101257e-14,-1.0,-1.0,0.005522088353426136,0.01098352471294295,121.66757990524839,28.486844820681416
A7D9L8,ES,3.2711808963034587e-14,3.2711808963034587e-14,93.92017887546851,60.41236360029919,1.4806040864672567e-14,1.4806040864672567e-14,-1.0,-1.0,0.003773584905680163,0.0075187969925008405,123.10564568694646,28.3674237827226
A7M7P8,ED,7.841907151819262e-15,7.841907151819262e-15,101.55786527886454,69.19829417647736,8.619203585588617e-15,8.619203585588617e-15,-1.0,-1.0,0.005407947331303352,0.010757717492991807,106.32497354808042,25.996791040993095
A7M7P8,ES,2.346866932644864e-14,2.346866932644864e-14,94.79978902930111,51.13440550434723,9.170946441672696e-15,9.170946441672696e-15,-1.0,-1.0,0.024678663239087083,0.048168590065240234,118.37651794169315,26.81099914267473
A7O4T6,ED,1.1004732034774832e-14,1.1004732034774832e-14,101.84792585025971,82.15792391638567,1.360174102285074e-14,1.360174102285074e-14,-1.0,-1.0,0.004835468475263722,0.009624398475101496,127.32242536175629,39.93941537296885
A7O4T6,ES,1.635590448151756e-14,1.635590448151756e-14,89.2972563968233,43.6742741267572,1.6722408026755574e-14,1.6722408026755574e-14,107.8424777163433,70.09606411574377,0.00434647624961965,0.008655332302944291,128.44843323295152,33.86008519994315
B0H7V0,ED,6.957489737702589e-15,6.957489737702589e-15,87.71544903835355,58.86003813520057,1.0316723408645308e-14,1.0316723408645308e-14,-1.0,-1.0,0.0004533913674374279,0.0009063717937188352,140.29255147726127,53.87524260066352
B0H7V0,ES,0.015685454355338118,0.030886440852475744,93.54143466934853,26.211692889251218,1.1488970588235163e-14,1.1488970588235163e-14,136.53204751998703,87.4369153172484,0.005931198102033453,0.011792452830205327,141.54151334502538,50.43389332651253
B0I2Z0,ED,1.651800462504102e-14,1.651800462504102e-14,112.43664882946307,67.11173923432577,1.9960079840318964e-14,1.9960079840318964e-14,-1.0,-1.0,0.0003472945752656779,0.000694348007228158,131.65864954495015,28.826263452224417
B0I2Z0,ES,3.012048192770994e-14,3.012048192770994e-14,118.09318354587617,58.94288102786218,2.6448029621792477e-14,2.6448029621792477e-14,131.1716432770437,94.881326773728,9.077705156136447e-15,9.077705156136447e-15,134.27583550289307,32.064134614992994
B2C2Z7,ED,6.423845313804803e-15,6.423845313804803e-15,97.98469268207153,44.911497666275174,1.0968520346605122e-14,1.0968520346605122e-14,-1.0,-1.0,0.003249693676421058,0.006478334749368063,140.64494303031304,38.607665421513374
B2C2Z7,ES,1.2325896708985427e-14,1.2325896708985427e-14,104.1585330157832,40.523020971073336,1.3881177123819908e-14,1.3881177123819908e-14,-1.0,-1.0,0.0014634592518155906,0.0029226413371175185,137.08391590555036,45.71643469178589
B2D9M2,ED,0.004582267689695177,0.009122732576652073,102.66937225872184,32.247347798174964,1.3879250520471702e-14,1.3879250520471702e-14,110.76551810017412,76.5155896508983,0.015213842637943092,0.02997170054026865,136.71137480107498,32.0499780887391
B2D9M2,ES,2.1739130434782136e-14,2.1739130434782136e-14,80.16233529532433,67.0508378124893,1.461774594357529e-14,1.461774594357529e-14,110.40833301884419,73.74066981953803,0.006925316754552554,0.013755373192661088,142.30249470757707,32.430240969105036
B2G5R2,ED,1.0551862403714144e-14,1.0551862403714144e-14,76.87652437513027,51.434339258155354,1.3005592404733867e-14,1.3005592404733867e-14,-1.0,-1.0,0.002745699749664841,0.005476363050664367,136.5576801208925,45.12022606560998
B2G5R2,ES,1.849796522382504e-14,1.849796522382504e-14,81.44323176298937,45.89679059586369,1.440714594438821e-14,1.440714594438821e-14,-1.0,-1.0,0.0002720594903509543,0.0005439709882230231,137.42634390829147,45.10374950569432
B3F0V9,ED,7.681081496274616e-15,7.681081496274616e-15,70.69653456853455,31.94624912870625,1.7085255424568305e-14,1.7085255424568305e-14,-1.0,-1.0,0.003847050594555796,0.007664615027302199,115.27792503337315,31.788747470029932
B3F0V9,ES,1.1706860220088835e-14,1.1706860220088835e-14,66.75327707311455,32.59412326792377,2.0370747606436742e-14,2.0370747606436742e-14,-1.0,-1.0,2.6178010471203504e-14,2.6178010471203504e-14,120.24558203942463,30.38852456714354
B3O1S0,ED,1.1715089034676527e-14,1.1715089034676527e-14,105.23782589924595,73.17713188915533,1.6992353440951282e-14,1.6992353440951282e-14,-1.0,-1.0,0.00055901055133114,0.0011173964662406514,144.03471803700663,42.69006090628706
B3O1S0,ES,2.189621195533125e-14,2.189621195533125e-14,106.1602562167217,70.08832005806761,2.0218358269308123e-14,2.0218358269308123e-14,124.94398745037714,85.07113846137668,0.007173701072579697,0.0142452112578728,141.04609175726918,38.12668355089883
B3P3R1,ED,1.714677640603537e-14,1.714677640603537e-14,122.61729078722952,82.67304015472537,1.9538882375927714e-14,1.9538882375927714e-14,-1.0,-1.0,0.005961957036065052,0.011853245531523877,122.494897852931,30.049007651606445
B3P3R1,ES,3.9525691699603183e-14,3.9525691699603183e-14,139.8177385026664,90.32830088024126,2.5542784163473167e-14,2.5542784163473167e-14,153.6782352839855,116.07451380563259,0.004260499087048031,0.008484848484860504,144.2497833620557,37.77000552728549
B4O3V3,ED,9.578544061302591e-15,9.578544061302591e-15,114.57748469922004,88.41198501397949,8.876264867743575e-15,8.876264867743575e-15,-1.0,-1.0,0.007467330429378362,0.014823965410754135,128.66234880492428,40.34267887337069
B4O3V3,ES,2.4242424242423657e-14,2.4242424242423657e-14,117.55424279880332,90.73920815833259,9.317059536010348e-15,9.317059536010348e-15,147.20054347725758,104.68925174644022,0.00021710811985453521,0.00043412198828955467,135.1332675546625,42.78980319468876
B5F8L9,ED,9.030976248532386e-15,9.030976248532386e-15,32.09361307176243,10.119775339366932,1.2771392081736747e-14,1.2771392081736747e-14,-1.0,-1.0,7.153075822603668e-15,7.153075822603668e-15,131.30498848101698,53.17111294480849
B5F8L9,ES,2.1791239921551063e-14,2.1791239921551063e-14,80.63498000247783,52.17737287034228,1.7277125086385327e-14,1.7277125086385327e-14,-1.0,-1.0,1.0027073097362779e-14,1.0027073097362779e-14,125.1119498689074,44.655662676229696
B8H5H6,ED,7.267441860465064e-15,7.267441860465064e-15,88.88756943465155,64.61176497012507,9.480470231323384e-15,9.480470231323384e-15,-1.0,-1.0,0.007935775583657765,0.015746589764725663,127.12198865656563,38.08040266333044
B8H5H6,ES,0.0014215314632391829,0.0028390271600359338,90.93954035511726,32.97782453526535,1.0826025765941205e-14,1.0826025765941205e-14,-1.0,-1.0,0.01658961109601109,0.032637774210816546,125.85706178041819,39.45873083013517
B8J7R4,ED,0.003031615417940634,0.006044905008646308,108.2081327812286,46.991935001481025,1.5223017202009207e-14,1.5223017202009207e-14,-1.0,-1.0,0.0012048192771193734,0.002406738868843645,153.13719339206918,38.021464748479374
B8J7R4,ES,1.6010246557796733e-14,1.6010246557796733e-14,113.16359838746733,62.82102219291282,1.9054878048780126e-14,1.9054878048780126e-14,94.0744386111339,58.24547582816027,0.0016535758578027939,0.0033016921172203543,156.05447766725567,39.88096628960756
B9E0Q1,ED,0.0012254901960878466,0.0024479804161660628,95.06839643120105,44.86729445388506,1.39333983558588e-14,1.39333983558588e-14,-1.0,-1.0,0.0007900142202638585,0.0015787811809362046,124.07658925034973,34.35617715847243
B9E0Q1,ES,0.006311700922495447,0.012544226439385454,99.10095862301232,41.86637880572957,1.5424957581366414e-14,1.5424957581366414e-14,-1.0,-1.0,9.103322712790086e-15,9.103322712790086e-15,125.24376231972593,31.30975213167567
B9H8N8,ED,1.6619577862722012e-14,1.6619577862722012e-14,84.31488599292535,48.114917020770015,2.443792766373352e-14,2.443792766373352e-14,-1.0,-1.0,0.000925854486544241,0.0018499961458490568,131.91664034533324,41.358359514522746
B9H8N8,ES,3.108486167236459e-14,3.108486167236459e-14,91.53687781435414,74.81509221088979,3.03398058252418e-14,3.03398058252418e-14,-1.0,-1.0,0.0011249567324420116,0.002247385253703844,137.96376335835436,39.49181255751651
C0K1P0,ED,0.0035106670267485347,0.006996770721218959,74.57881736793632,17.290432521515665,1.702997275204331e-14,1.702997275204331e-14,-1.0,-1.0,0.00196304849885679,0.003918404978690747,136.5283853270081,33.664160309015415
C0K1P0,ES,0.00021715526603691167,0.0004342162397090657,77.22693830523129,41.98132709166623,2.0487604998975202e-14,2.0487604998975202e-14,110.17259187293362,73.78016101453599,1.733102253032899e-14,1.733102253032899e-14,135.37355724069602,38.55380965133098
C1K8P5,ED,0.002511511092521243,0.005010438413375017,99.78476837674175,27.748906474880254,1.7771459036786606e-14,1.7771459036786606e-14,-1.0,-1.0,0.008138101109753292,0.0161448140900316,143.41896666759246,36.75490670425242
C1K8P5,ES,0.005535656138098159,0.011010362694332546,106.86907878334125,36.292074388254576,2.3234200743493884e-14,2.3234200743493884e-14,-1.0,-1.0,1.7304031839418287e-14,1.7304031839418287e-14,146.82302271782856,38.59517419834835
C2J0K3,ED,0.0009786331756728023,0.001955352778238537,111.84811129384349,42.7540871705754,8.233841086866956e-15,8.233841086866956e-15,-1.0,-1.0,0.0046789706264708025,0.009314359637783447,152.9803909002719,44.47935910413988
C2J0K3,ES,0.007357327500516856,0.014607185155961022,117.17508267545622,27.817613602077692,7.455453664355421e-15,7.455453664355421e-15,-1.0,-1.0,0.014371076317986427,0.028334948922533527,155.78189882011324,33.34490155510074
C4E9I1,ED,8.527330092947825e-15,8.527330092947825e-15,109.62663909835054,46.44735370408772,1.0283833813245472e-14,1.0283833813245472e-14,-1.0,-1.0,0.013452914798212782,0.026548672566378016,134.46189051177288,33.40814339364505
C4E9I1,ES,0.007095553453192831,0.014091122592789712,88.26097665446491,36.022714112201285,1.0218679746576638e-14,1.0218679746576638e-14,-1.0,-1.0,0.02967806841047091,0.05764533463606043,140.7444492688788,28.88904176067834
C5M4S2,ED,1.1678150181011192e-14,1.1678150181011192e-14,-1.0,-1.0,1.5738117721120308e-14,1.5738117721120308e-14,-1.0,-1.0,8.404067568703183e-15,8.404067568703183e-15,136.06616037795732,50.89913888429747
C5M4S2,ES,3.346720214189982e-14,3.346720214189982e-14,58.08614292583042,29.55323976208418,2.1097046413501665e-14,2.1097046413501665e-14,-1.0,-1.0,0.0054966627404887565,0.010933229207350537,140.58805070133096,46.45222040147643
C6E0F9,ED,0.0002919708029343023,0.0005837711617191976,109.64488132147346,45.152717903028616,2.2784233310548582e-14,2.2784233310548582e-14,-1.0,-1.0,0.006703910614536238,0.013318534961165224,121.33836985883731,33.156615175338395
C6E0F9,ES,2.793296089385397e-14,2.793296089385397e-14,101.3755394560246,55.73158547471152,2.6910656620020805e-14,2.6910656620020805e-14,-1.0,-1.0,0.019648023143695518,0.038538834377597364,125.0959631642844,31.828207330113834
C6J5P1,ED,8.318775476249827e-15,8.318775476249827e-15,105.51303237041384,73.15029323226888,1.1859582542694356e-14,1.1859582542694356e-14,-1.0,-1.0,0.001057548250647739,0.0021128620477242526,140.18202452525787,39.88281477960768
C6J5P1,ES,9.62927298988917e-15,9.62927298988917e-15,82.61355820929153,48.872395941902745,1.2119743061446951e-14,1.2119743061446951e-14,-1.0,-1.0,0.0016738152526519334,0.0033420365535352134,139.80343343423294,38.3221294490141
C6U4W8,ED,0.0008658008658104775,0.0017301038062379685,134.36517405935214,61.07947599764641,1.536570374923148e-14,1.536570374923148e-14,-1.0,-1.0,0.050851523147045254,0.09678155672221642,144.183910336764,39.44842067386225
C6U4W8,ES,1.5552099533436773e-14,1.5552099533436773e-14,140.02142693173784,59.308353769284395,1.8325087044163125e-14,1.8325087044163125e-14,117.09824934643558,88.33396833229094,0.011453232633421765,0.022647082957257546,143.84366513684222,43.11302848507546
C8P3S7,ED,0.0026829631837978433,0.005351568306838036,88.20997676000147,31.59282613185424,1.6761649346295396e-14,1.6761649346295396e-14,-1.0,-1.0,0.00032464019046639624,0.0006490696668217152,133.61511890501015,37.598199914043064
C8P3S7,ES,3.9432176656149865e-14,3.9432176656149865e-14,119.54078801814885,36.74670800839996,1.9073049780659564e-14,1.9073049780659564e-14,-1.0,-1.0,8.048289738430518e-15,8.048289738430518e-15,119.8791057691039,35.706028341567674
D0R0R9,ED,1.567889620570687e-14,1.567889620570687e-14,108.89444430272832,87.89402892027184,1.1328877308258624e-14,1.1328877308258624e-14,133.84692749555367,91.77697831950039,0.000191241155106137,0.0003824091778298243,134.56225325105106,52.083142307962646
D0R0R9,ES,3.673769287288623e-14,3.673769287288623e-14,112.8583182578936,90.86722411746422,1.0841283607979068e-14,1.0841283607979068e-14,124.20547491958638,85.701509717604,8.32292967124421e-15,8.32292967124421e-15,131.00381673829202,38.216269686463185
D1H6U2,ED,8.818342151675407e-15,8.818342151675407e-15,97.3139250056229,65.7185676695632,7.754342431761726e-15,7.754342431761726e-15,-1.0,-1.0,0.03432009001991243,0.06636260931420115,128.64680330268607,30.201107546505696
D1H6U2,ES,2.425418384671297e-14,2.425418384671297e-14,107.30330842988953,69.79084364383941,8.666262241095341e-15,8.666262241095341e-15,100.10993956645864,60.07959669847627,0.005731664522172151,0.011397999534781279,125.39936203984452,33.64125053554491
D1J5P6,ED,7.65696784073501e-15,7.65696784073501e-15,108.2774214691133,79.11499906638922,1.0012014417300662e-14,1.0012014417300662e-14,-1.0,-1.0,0.010222222222228506,0.020237571491427186,136.7369737854396,39.28563973451331
D1J5P6,ES,0.0009308820107167684,0.0018600325505812383,107.61970079869205,50.618499798250745,1.2306177701205855e-14,1.2306177701205855e-14,-1.0,-1.0,0.016159983840026097,0.03180598350065568,142.9475428260311,39.986383721370046
D1M1S6,ED,6.440394152122069e-15,6.440394152122069e-15,114.564392373896,78.7450635839999,9.458948164963967e-15,9.458948164963967e-15,-1.0,-1.0,0.043040461717940424,0.08252884388980998,153.22532427767936,37.09695682712244
D1M1S6,ES,0.003850850004705515,0.007672155688632039,120.12077255828818,52.03891589292094,1.0088781275221852e-14,1.0088781275221852e-14,-1.0,-1.0,0.014922493085489066,0.029406172761271124,152.9084693534011,37.01170260553366
D3D4Y5,ED,0.00011590171535697594,0.00023177656740062312,115.36897329871667,42.024413601823355,2.0445716622367197e-14,2.0445716622367197e-14,99.04039579888602,58.54280976784581,7.975117632985023e-15,7.975117632985023e-15,154.9483785007123,42.437516934278264
D3D4Y5,ES,2.2177866489243243e-14,2.2177866489243243e-14,119.60769206033531,43.42523377983199,2.612330198537027e-14,2.612330198537027e-14,77.62087348130012,20.70749268104791,7.042253521126711e-15,7.042253521126711e-15,152.86922515666782,41.41141244941481
D3F3O5,ED,0.0008312551953532766,0.001661129568114604,104.81412118603103,29.508769269110342,1.2130033964094953e-14,1.2130033964094953e-14,-1.0,-1.0,0.030668383471859642,0.059511641113014664,109.14669028422254,36.42689174387448
D3F3O5,ES,0.021728455683783184,0.04253274059835345,100.57832768544127,11.41639132033393,1.4007564084605491e-14,1.4007564084605491e-14,-1.0,-1.0,0.038190954773885455,0.07357212003873712,111.61541112229978,31.12813816746899
D3F9H9,ED,1.3451708366962424e-14,1.3451708366962424e-14,121.2023102090055,42.98311537306966,2.1408691928922685e-14,2.1408691928922685e-14,-1.0,-1.0,0.003740259740270091,0.0074526446537728245,138.42326394071193,41.02788522320706
D3F9H9,ES,3.4879665155213295e-14,3.4879665155213295e-14,130.48754729858325,55.87132834443939,2.4050024050023473e-14,2.4050024050023473e-14,-1.0,-1.0,1.6553550736632735e-14,1.6553550736632735e-14,136.23876100434853,40.7623729196346
D3O9U9,ED,1.6691704223000892e-14,1.6691704223000892e-14,94.02659198333204,63.98317457424541,1.9723865877711642e-14,1.9723865877711642e-14,-1.0,-1.0,0.012611879576911867,0.024909602249919147,125.21182052825525,45.357876882499646
D3O9U9,ES,7.117437722419422e-14,7.117437722419422e-14,104.04806581575652,70.28785227841855,1.9657951641438577e-14,1.9657951641438577e-14,-1.0,-1.0,3.071253071252977e-14,3.071253071252977e-14,125.80540528928,35.2831812267317
D4M3Q2,ED,8.396305625524699e-15,8.396305625524699e-15,97.45768312452333,66.21148790061775,1.249063202598036e-14,1.249063202598036e-14,-1.0,-1.0,0.005275189027615568,0.010495014867946384,138.88484438555562,40.4619141082352
D4M3Q2,ES,1.642845408247057e-14,1.642845408247057e-14,109.20622692868754,65.3517048125911,1.2685525815044873e-14,1.2685525815044873e-14,151.7563837207516,107.69412451831141,1.4011489421325291e-14,1.4011489421325291e-14,138.74076545846214,34.22240014339869
D4N6W6,ED,0.010741817262744714,0.02125531382846935,93.08598175880189,22.067930708810977,1.800828381055253e-14,1.800828381055253e-14,-1.0,-1.0,1.0368066355624569e-14,1.0368066355624569e-14,143.00699283601483,41.12035228229734
D4N6W6,ES,0.02585393470467964,0.050404709345124164,104.80935072788114,33.51141857697243,0.0027759982917146533,0.0055366269165458785,33.13608305156178,8.592010178552187,1.0962508221881046e-14,1.0962508221881046e-14,145.43039572248986,43.5276997596671
D8E4F4,ED,1.3190871916633517e-14,1.3190871916633517e-14,-1.0,-1.0,2.004008016032024e-14,2.004008016032024e-14,-1.0,-1.0,1.0391769718382933e-14,1.0391769718382933e-14,136.4734406395618,60.703097118187344
D8E4F4,ES,3.210272873194119e-14,3.210272873194119e-14,92.74157643689264,26.135483200187267,2.520796571716599e-14,2.520796571716599e-14,-1.0,-1.0,1.567889620570687e-14,1.567889620570687e-14,134.6773923121472,30.81495536626334
D9F5P1,ED,7.865963973884938e-15,7.865963973884938e-15,82.57118141337206,42.549026046239,1.234720335843916e-14,1.234720335843916e-14,-1.0,-1.0,0.00041778074867145374,0.0008352125616052716,95.60334722173695,41.5750204065654
D9F5P1,ES,1.3638843426077283e-14,1.3638843426077283e-14,81.59044061653302,45.34907990043715,1.5073861923424554e-14,1.5073861923424554e-14,-1.0,-1.0,0.005829976680103818,0.011592370112772562,94.13288479590966,32.076668973068195
D9L1Z3,ED,9.428625306430234e-15,9.428625306430234e-15,116.26263372210352,69.33173925291197,1.6542597187758205e-14,1.6542597187758205e-14,-1.0,-1.0,0.0061410915790358015,0.012207217517364673,158.7135784991316,40.439450859811316
D9L1Z3,ES,1.3403029084572934e-14,1.3403029084572934e-14,117.29023829799307,66.76068803477692,1.960784313725452e-14,1.960784313725452e-14,-1.0,-1.0,0.012188515709651387,0.024083489430032787,153.56106277308712,45.302800514022856
E0J7L9,ED,7.833920877399077e-15,7.833920877399077e-15,96.93812459502195,68.07132045621417,1.4102383302777972e-14,1.4102383302777972e-14,-1.0,-1.0,0.004673487432114408,0.009303495096812865,134.56225325105106,48.4215922477595
E0J7L9,ES,1.2825445684237363e-14,1.2825445684237363e-14,110.62097450302994,38.09174268102346,1.6767270288396768e-14,1.6767270288396768e-14,-1.0,-1.0,0.0037280486608554527,0.007428403870599087,139.53494186045302,43.66291307218273
E0M3U7,ED,0.0014858841010507167,0.0029673590504556697,116.66619047521866,48.74124526163828,1.5144631228229364e-14,1.5144631228229364e-14,-1.0,-1.0,0.01770411043260113,0.03479225494151354,134.6439749858864,35.51636567101297
E0M3U7,ES,1.7406440382941387e-14,1.7406440382941387e-14,122.92273996295397,76.6067517612168,2.002402883460112e-14,2.002402883460112e-14,-1.0,-1.0,0.02885945839099276,0.0560999039385267,140.06784070585223,32.217221533416236
E0O0S0,ED,6.589351607801749e-15,6.589351607801749e-15,149.90663761154806,107.58131305684182,1.1432491139819237e-14,1.1432491139819237e-14,-1.0,-1.0,0.0024730080222027722,0.004933814681113088,130.30349189488362,50.587400053737525
E0O0S0,ES,1.0460251046024996e-14,1.0460251046024996e-14,122.34786471369249,95.45545333291363,1.3929516645772198e-14,1.3929516645772198e-14,-1.0,-1.0,0.0001677711601459595,0.0003354860354021611,135.88598161694236,48.743197626028504
E9H1U4,ED,1.5624999999999757e-14,1.5624999999999757e-14,133.43912469736904,101.14155902115678,2.2286605749943788e-14,2.2286605749943788e-14,-1.0,-1.0,1.0554089709762422e-14,1.0554089709762422e-14,126.43179979736111,34.687979494511325
E9H1U4,ES,0.0030935808198374673,0.0061680801850807175,101.99019560722492,40.87729003437352,2.693239967681048e-14,2.693239967681048e-14,-1.0,-1.0,0.0006087662337729938,0.0012167917258230161,133.03758867327684,30.284210935154825
E9V4Z8,ED,0.0015677257525187963,0.003130543671094614,104.24490395218368,49.78418770838204,1.6493485073395737e-14,1.6493485073395737e-14,-1.0,-1.0,5.7877069105220185e-15,5.7877069105220185e-15,141.70744511139844,50.85406521627946
E9V4Z8,ES,0.00023917723035158482,0.0004782400765423128,107.34057946554975,47.4048791841368,2.1963540522731783e-14,2.1963540522731783e-14,-1.0,-1.0,4.767580452920121e-15,4.767580452920121e-15,146.27713423498562,40.48118885720735
F0K4T6,ED,8.105041335710747e-15,8.105041335710747e-15,123.90722335683259,74.2034642310025,1.4287755393627457e-14,1.4287755393627457e-14,126.13088440187835,81.8812779438686,0.0035292422932944145,0.007033661092377757,130.621590864604,41.36335738095865
F0K4T6,ES,1.2077294685990193e-14,1.2077294685990193e-14,124.62744481052317,41.194748380370235,1.759014951627058e-14,1.759014951627058e-14,124.76377679438852,82.8155155787275,0.007203601800910384,0.01430416211384708,131.52566289511716,37.6454661692924
F2H5S1,ED,1.421464108031252e-14,1.421464108031252e-14,107.71722239270747,64.22310292251038,1.9109497420217485e-14,1.9109497420217485e-14,-1.0,-1.0,0.0025951557093511885,0.005176876617782527,131.18688958886096,45.205743308730646
F2H5S1,ES,2.8216704288938257e-14,2.8216704288938257e-14,111.96428001822724,51.01843087891968,1.9685039370078354e-14,1.9685039370078354e-14,128.97674208941703,92.84140816725505,0.011676875957130439,0.023084200567653517,129.25169244539896,36.03133275904866
F3G5K5,ED,5.236698785085855e-15,5.236698785085855e-15,102.22035022440492,73.8015352261451,7.496813854111946e-15,7.496813854111946e-15,-1.0,-1.0,0.005206463195700133,0.010358992677272635,123.00406497347964,42.85139180304003
F3G5K5,ES,5.901794145420173e-15,5.901794145420173e-15,105.42770034483347,81.98495748340807,7.695859627520335e-15,7.695859627520335e-15,-1.0,-1.0,0.006224066390056221,0.012371134020633102,102.32301793829187,40.87885746615572
G4S9U3,ED,0.00029354207437377406,0.0005869118654113217,113.15034246523517,56.613058162284744,2.0048115477144748e-14,2.0048115477144748e-14,-1.0,-1.0,0.0011921137093168163,0.0023813885327074336,145.16886718577092,43.26507818131414
G4S9U3,ES,0.020394404180026623,0.03997357119261579,109.50799057603056,38.904763894306825,2.3164234422051815e-14,2.3164234422051815e-14,143.34922392534952,106.69465229293007,1.1491611123879437e-14,1.1491611123879437e-14,144.64093473149293,46.66295525998703
G5P4U3,ED,1.5112588786458892e-14,1.5112588786458892e-14,118.00423721205946,82.6660875177737,1.823486506199821e-14,1.823486506199821e-14,-1.0,-1.0,0.003978911767641461,0.007926285544446568,120.56533498481228,40.30437926555313
G5P4U3,ES,4.391743522178112e-14,4.391743522178112e-14,83.05419917138447,53.17173589920796,1.8818216033119708e-14,1.8818216033119708e-14,-1.0,-1.0,0.000156653873274848,0.0003132586733573474,127.29493312775651,44.49309072309793
G7I5V7,ED,1.0527423939361927e-14,1.0527423939361927e-14,87.06893820416096,58.030031625941064,1.3694878115584585e-14,1.3694878115584585e-14,-1.0,-1.0,8.799718409010834e-15,8.799718409010834e-15,113.26517558367179,42.98583632602752
G7I5V7,ES,1.8957345971563622e-14,1.8957345971563622e-14,113.8859078200635,44.739872520790364,1.909490166125608e-14,1.909490166125608e-14,135.6981945347837,95.83983966165457,0.01052305787682853,0.020826952526809384,131.55227098001768,38.09345946064558
G7S6V0,ED,6.1969387122760975e-15,6.1969387122760975e-15,69.8426803609369,18.817933419374654,1.1364927832708134e-14,1.1364927832708134e-14,-1.0,-1.0,8.22300797631767e-15,8.22300797631767e-15,121.18168178400562,46.42836536655531
G7S6V0,ES,1.0419922892570487e-14,1.0419922892570487e-14,92.2062904578641,46.34020505950976,1.39333983558588e-14,1.39333983558588e-14,-1.0,-1.0,1.2931591878960133e-14,1.2931591878960133e-14,135.52121605121465,43.59151616360213
G9N5V9,ED,4.85955875206529e-15,4.85955875206529e-15,99.72462083156798,50.28823883031233,1.0269049086054526e-14,1.0269049086054526e-14,-1.0,-1.0,7.057661091114355e-15,7.057661091114355e-15,160.3901493234544,47.920745995474626
G9N5V9,ES,0.0027375038020936698,0.005460060667345777,106.7988763985839,45.61788561615323,1.0594342621040253e-14,1.0594342621040253e-14,-1.0,-1.0,0.005209605209613308,0.010365211758045102,164.30763828866873,47.861981575962766
H1I3W0,ED,1.780309773900627e-14,1.780309773900627e-14,113.22985472038724,69.44176268581779,1.8291567587341902e-14,1.8291567587341902e-14,-1.0,-1.0,0.008837044892199731,0.017519271198329623,136.26811806141598,40.260365428633285
H1I3W0,ES,5.903187721369192e-14,5.903187721369192e-14,121.40428328522844,70.48892877882497,1.759014951627058e-14,1.759014951627058e-14,-1.0,-1.0,1.9054878048780126e-14,1.9054878048780126e-14,132.64614581660487,43.25335572595319
H1N8S6,ED,1.575795776867293e-14,1.575795776867293e-14,121.95490970026586,53.79427752038356,2.9940119760478145e-14,2.9940119760478145e-14,-1.0,-1.0,1.0619093129446634e-14,1.0619093129446634e-14,149.58943812983588,53.952211253605086
H1N8S6,ES,2.744237102085545e-14,2.744237102085545e-14,125.64234954823155,59.28893976710547,3.5549235691431373e-14,3.5549235691431373e-14,-1.0,-1.0,9.754194304525851e-05,0.00019506485907539066,149.38875459685713,44.799292842879694
H5N0P0,ED,7.153075822603668e-15,7.153075822603668e-15,127.33027919548437,62.00673450594245,1.309414691632823e-14,1.309414691632823e-14,-1.0,-1.0,0.0007553939851801107,0.0015096475916450372,176.84456451924103,55.98945557503384
H5N0P0,ES,9.485866059571149e-15,9.485866059571149e-15,128.16005617976296,65.80464274300971,1.3215276860050043e-14,1.3215276860050043e-14,-1.0,-1.0,0.0035948063096952272,0.0071638599305051745,175.07998172264013,45.5167389539372
I2J6Z6,ED,0.0009764433052727819,0.0019509815876234365,129.46814279968643,53.57073212125364,1.4896469536719575e-14,1.4896469536719575e-14,-1.0,-1.0,0.00010267994661669471,0.00020533880904517244,134.1864374666829,37.09488875496259
I2J6Z6,ES,2.287282708142674e-14,2.287282708142674e-14,139.810586151407,89.14427014472939,1.7205781142463574e-14,1.7205781142463574e-14,123.47064428438041,92.55220512901623,0.0001974723538803298,0.00039486673248765653,146.65265084545862,45.150385350572485
I5L3S2,ED,1.4448779078167687e-14,1.4448779078167687e-14,85.82540416450132,55.82520005379824,1.5918497293855208e-14,1.5918497293855208e-14,-1.0,-1.0,0.0003231017770705404,0.0006459948320521033,123.5637487291479,29.183438669281443
I5L3S2,ES,3.649635036496217e-14,3.649635036496217e-14,78.05767098754612,19.549156152406177,1.6920473773265367e-14,1.6920473773265367e-14,-1.0,-1.0,0.00266232805799434,0.005310517775497783,129.0348790056394,29.120625292685524
I7T3U1,ED,1.2056908608632602e-14,1.2056908608632602e-14,115.0173899895142,72.09839557370987,1.730103806228344e-14,1.730103806228344e-14,-1.0,-1.0,0.005603112840482404,0.011143785791688421,126.64912159190051,50.54557217163888
I7T3U1,ES,0.008397089009162001,0.016654330125850915,123.3450444890268,49.67527756751229,2.2406453058480342e-14,2.2406453058480342e-14,132.38579984273238,98.49291705403914,2.0408163265305706e-14,2.0408163265305706e-14,131.403957322449,49.557746824307415
J1T9Y1,ED,0.023215448036457486,0.04537743850721625,94.7100839404126,30.77719417458309,1.0530749789384893e-14,1.0530749789384893e-14,90.46546302318913,54.94845584693244,0.0017774131802091755,0.003548519175658499,150.35291816256844,44.148840914101626
J1T9Y1,ES,0.0027762851513612502,0.005537197463615205,96.0260381354974,41.42806022619469,1.1704119850187129e-14,1.1704119850187129e-14,148.13507349712964,104.33240958187386,0.024870721497176188,0.0485343584815069,150.23648025696022,33.31193770755794
J4J8Q3,ED,1.2558081125203911e-14,1.2558081125203911e-14,86.48699324175861,51.37709658658646,1.6966406515099813e-14,1.6966406515099813e-14,-1.0,-1.0,0.0006179514908156912,0.0012351397251891211,124.93598360760602,44.565681007738974
J4J8Q3,ES,3.0129557095509786e-14,3.0129557095509786e-14,104.62791214585141,69.72027052348741,2.0350020350019937e-14,2.0350020350019937e-14,-1.0,-1.0,1.125365743866744e-14,1.125365743866744e-14,129.48358969382954,42.73461764098336
J6K6P5,ED,1.050089257586884e-14,1.050089257586884e-14,75.9670981412348,59.51692037020689,1.4196479273140061e-14,1.4196479273140061e-14,120.13742131409347,76.41829685441058,0.0002877201058867517,0.0005752746936719751,130.11149065320865,39.031326577613754
J6K6P5,ES,2.2851919561242623e-14,2.2851919561242623e-14,98.83319280484669,66.99023892738813,1.4164305949008298e-14,1.4164305949008298e-14,-1.0,-1.0,6.966699177929449e-15,6.966699177929449e-15,133.5889216963742,40.39008498665457
J6P5T8,ED,9.932459277910111e-05,0.0001986294567583653,55.90169943749474,32.162404898225375,1.1786892975011648e-14,1.1786892975011648e-14,-1.0,-1.0,0.00980022615907765,0.01941022769691403,120.34118164618461,28.087278567179073
J6P5T8,ES,1.4954389113204503e-14,1.4954389113204503e-14,56.753854494650845,21.149224450997572,1.351168760978228e-14,1.351168760978228e-14,-1.0,-1.0,0.0371448134200781,0.07162898168016056,115.60709320798617,27.698506308075558
J8R5W2,ED,0.0011724474841328658,0.0023421489216453365,98.48350115628506,30.58938282425313,1.3246787653993731e-14,1.3246787653993731e-14,-1.0,-1.0,8.09454427715713e-15,8.09454427715713e-15,140.14635207525026,54.02238040524103
J8R5W2,ES,2.119991520033875e-14,2.119991520033875e-14,118.91593669479293,92.86883340375228,1.5202189115232363e-14,1.5202189115232363e-14,128.9573572930215,91.2089877295935,1.2336540833950009e-14,1.2336540833950009e-14,143.75673897247393,41.588748291989425
K4T7Y0,ED,1.0978153474585455e-14,1.0978153474585455e-14,109.40292500660117,75.31976894405456,1.9054878048780126e-14,1.9054878048780126e-14,-1.0,-1.0,0.002736948808930535,0.005458956732723358,128.70508925446578,45.601657214172754
K4T7Y0,ES,1.8925056775169967e-14,1.8925056775169967e-14,80.46117075956576,45.23494703138134,2.1579628830383652e-14,2.1579628830383652e-14,-1.0,-1.0,0.0026214128035457695,0.005229117930383855,134.3837787830064,45.0561998328833
K5L2U3,ED,0.00023060071487374345,0.00046109510087607536,116.36580253665593,41.97813419212879,9.141603437242809e-15,9.141603437242809e-15,-1.0,-1.0,0.006379948732560489,0.01267900605649509,131.10682667199293,29.240194836193062
K5L2U3,ES,2.547770700636878e-14,2.547770700636878e-14,98.65596788841515,54.43660685463641,9.941346058256189e-15,9.941346058256189e-15,-1.0,-1.0,0.00249785340723595,0.0049832593630849105,133.85813385820077,36.37871631368298
K5P0Y1,ED,5.9192612761926966e-15,5.9192612761926966e-15,117.5627492022877,89.35994141738308,8.967805577974989e-15,8.967805577974989e-15,-1.0,-1.0,0.012225524978430281,0.024155733434381547,141.8062057880402,42.618037506998526
K5P0Y1,ES,6.764069264069219e-15,6.764069264069219e-15,104.7807234180028,50.165728565821794,9.978048293753643e-15,9.978048293753643e-15,-1.0,-1.0,0.009490579204470764,0.01880270980229956,140.06784070585223,44.475013302212226
K6N4N7,ED,5.504183179216175e-15,5.504183179216175e-15,107.89810007595129,65.68729819820567,1.3287270794578617e-14,1.3287270794578617e-14,-1.0,-1.0,0.0010713385429858768,0.0021403840100786774,128.7555824032496,34.430769365329894
K6N4N7,ES,1.0398253093480187e-14,1.0398253093480187e-14,103.87492478938312,75.94272823092886,1.2297097884899013e-14,1.2297097884899013e-14,-1.0,-1.0,1.0043185698503464e-14,1.0043185698503464e-14,129.74590552306458,34.012778308568826
L1Q9V8,ED,1.3217023526301702e-14,1.3217023526301702e-14,126.86212988910441,60.670534108525054,1.3049719431032062e-14,1.3049719431032062e-14,175.1856158478772,132.89027740463263,0.0001195457262462635,0.00023906287354171507,137.10215169719257,42.230994093888945
L1Q9V8,ES,3.0175015087506635e-14,3.0175015087506635e-14,132.7328143301422,33.024528775405614,1.5513496742165445e-14,1.5513496742165445e-14,170.57549648176317,133.76594495201613,0.002468918084833767,0.00492567508137035,142.5833089811006,39.59485199006716
L4Q2U3,ED,1.0659844366272138e-14,1.0659844366272138e-14,104.93331215586402,87.7183038866886,1.644195988161762e-14,1.644195988161762e-14,-1.0,-1.0,0.00023768024085723153,0.0004752475247603923,146.4547711752676,50.11063369846025
L4Q2U3,ES,1.955416503715253e-14,1.955416503715253e-14,112.1160113453917,54.455928397497665,1.9308746862328263e-14,1.9308746862328263e-14,111.89727431890377,73.69949858285068,9.197093718384906e-15,9.197093718384906e-15,145.5025772967613,51.41478438291307
M1R4S1,ED,1.152870647913291e-14,1.152870647913291e-14,133.90294993016397,108.5158352233938,1.277465508431256e-14,1.277465508431256e-14,-1.0,-1.0,0.0002792256143056564,0.0005582953382432255,152.8201557386983,55.73297429366159
M1R4S1,ES,2.975304968759209e-14,2.975304968759209e-14,130.24208229293635,67.82686705952091,1.3194352816994153e-14,1.3194352816994153e-14,-1.0,-1.0,0.0014077897700727194,0.0028116213683340814,152.88557812952797,45.56532189780717
M2P1R1,ED,1.3941168269900824e-14,1.3941168269900824e-14,110.42644610780518,70.70342992173491,1.7382235355466412e-14,1.7382235355466412e-14,-1.0,-1.0,0.00536086568054199,0.010664560086906185,125.33953885346794,44.16118623063767
M2P1R1,ES,3.4293552812070155e-14,3.4293552812070155e-14,127.40486646906389,77.65136898699822,2.2593764121102066e-14,2.2593764121102066e-14,125.7417989373462,94.45867745964449,0.0059239006607540905,0.011778029445084805,129.38315191708693,44.284322024925835
N5S7Y1,ED,9.541984732824337e-15,9.541984732824337e-15,103.02426898551623,72.15089074875289,1.5870496746547916e-14,1.5870496746547916e-14,-1.0,-1.0,0.00044427989634209224,0.000888165198734358,119.95415791042844,33.60328059527944
N5S7Y1,ES,1.30975769482644e-14,1.30975769482644e-14,105.92922165295089,87.80262587074304,1.724137931034453e-14,1.724137931034453e-14,-1.0,-1.0,8.163931749530507e-15,8.163931749530507e-15,122.804723036209,42.23009114650719
N8N9U0,ED,0.010520352836456982,0.02082165452070937,93.65361712181756,22.607430486392687,9.427736400490153e-15,9.427736400490153e-15,-1.0,-1.0,0.00032177102774309595,0.0006433350488998929,132.74411474713295,38.029659936414404
N8N9U0,ES,1.2550200803212694e-14,1.2550200803212694e-14,97.9642792042079,73.78611760195588,1.128031584884364e-14,1.128031584884364e-14,100.96534058774823,56.24645330665534,0.004193076548035064,0.008351136142950006,135.92645070036957,39.68057437043507
O0S9V7,ED,1.0215548064153539e-14,1.0215548064153539e-14,103.46980235798269,64.43974467727406,1.426533523537783e-14,1.426533523537783e-14,73.11634564172364,34.283725145938334,0.00021941854087767176,0.00043874081387517344,125.86103447850729,28.82350042775748
O0S9V7,ES,0.0015612802498243255,0.0031176929072680606,114.58621208504974,39.194777622004196,1.5271838729382785e-14,1.5271838729382785e-14,-1.0,-1.0,0.00485255692423784,0.009658246656773036,130.36103712382777,38.11984287634909
P0S5Y0,ED,7.222302470027393e-15,7.222302470027393e-15,132.55187663703597,72.2314899245954,7.905763301446692e-15,7.905763301446692e-15,-1.0,-1.0,0.0025895282005999965,0.00516567972786314,136.55035701161677,37.09788735295398
P0S5Y0,ES,1.6152479405588497e-14,1.6152479405588497e-14,135.88598161694236,81.86335723681246,7.176690110520977e-15,7.176690110520977e-15,-1.0,-1.0,8.737439930100404e-15,8.737439930100404e-15,136.48809471891678,36.9174881330087
P3P9S5,ED,9.758001561280155e-15,9.758001561280155e-15,105.43244282477761,48.70540561014666,1.1050944855785048e-14,1.1050944855785048e-14,-1.0,-1.0,0.0010930952814781011,0.0021838034576948614,104.6709128650362,25.167037182539268
P3P9S5,ES,0.00019105846390905253,0.0003820439350716259,114.78675881825394,33.240961333144135,1.2212994626282215e-14,1.2212994626282215e-14,-1.0,-1.0,0.0011230066631803465,0.0022434938677908895,121.46192819151193,26.108462031756048
P5R1Y4,ED,0.0005108370429905823,0.0010211524434792047,114.83901775964473,36.42518589700483,7.710100231302948e-15,7.710100231302948e-15,-1.0,-1.0,0.02890042899074832,0.05617730963353602,137.81872151489435,25.250510851789734
P5R1Y4,ES,0.002071925410699984,0.004135282823822121,122.85357137665962,38.09945317601846,7.884569896712073e-15,7.884569896712073e-15,-1.0,-1.0,0.0021734700808326963,0.004337512707563509,130.866344030847,33.37634252082908
Q0U0V5,ED,5.696382796923921e-15,5.696382796923921e-15,130.96946208945045,92.77908743956186,7.259528130671453e-15,7.259528130671453e-15,-1.0,-1.0,0.0016450976091357573,0.0032847914157560134,138.8668426947196,29.920186247707537
Q0U0V5,ES,0.00014412336961158647,0.000288205202111101,44.50842616853577,19.225912002966187,8.253549026081147e-15,8.253549026081147e-15,-1.0,-1.0,0.005371968093781453,0.010686528497425345,136.69674465765453,28.77880881260513
Q3R9W7,ED,9.947279419078783e-15,9.947279419078783e-15,114.78675881825394,61.482730789327164,1.3012361743656304e-14,1.3012361743656304e-14,-1.0,-1.0,0.004135203164338331,0.008236347359006193,137.45180973708568,41.99284900779032
Q3R9W7,ES,1.7519271198317845e-14,1.7519271198317845e-14,123.8587905640936,62.05543521538226,1.4947683109117865e-14,1.4947683109117865e-14,-1.0,-1.0,0.013568904593653518,0.02677450843677274,145.11719401917887,39.634397421954475
R4Y1Z9,ED,1.0106114199090348e-14,1.0106114199090348e-14,77.52418977325722,43.47749423008195,1.5121729925903296e-14,1.5121729925903296e-14,-1.0,-1.0,5.22084159966584e-15,5.22084159966584e-15,141.54151334502538,35.571071842192204
R4Y1Z9,ES,0.0020072992700912043,0.004006556182862793,119.6703806294607,48.94854902739481,1.4196479273140061e-14,1.4196479273140061e-14,140.92906016858268,99.46878048973304,0.002264321835617765,0.004518412531071583,152.20381072758985,42.35405754536405
S1S3Z7,ED,7.184940364994918e-15,7.184940364994918e-15,115.87061750072795,68.95455956667527,1.222643354933351e-14,1.222643354933351e-14,-1.0,-1.0,0.003226066618283707,0.006431385159586732,134.12307780542466,33.673159025776684
S1S3Z7,ES,0.009980237154159981,0.01976323256042442,119.84573417523045,48.35362025222322,1.473622163277314e-14,1.473622163277314e-14,164.00914608643018,113.9573936372758,0.007838505315161517,0.015555082037086984,131.06105447462264,37.546914002226046
T2T9Z9,ED,7.782101167315115e-15,7.782101167315115e-15,144.0173600646811,105.57442010180091,1.2232415902140523e-14,1.2232415902140523e-14,-1.0,-1.0,0.004839267196690245,0.009631922944624961,134.55853744746187,34.88405219362955
T2T9Z9,ES,1.0742292405199154e-14,1.0742292405199154e-14,125.21182052825525,100.24780757203175,1.3858093126385617e-14,1.3858093126385617e-14,-1.0,-1.0,0.0023801795953802616,0.00474905558554771,138.68669727122352,39.11351097160876
T9U9W2,ED,9.237875288683518e-15,9.237875288683518e-15,119.42361575500885,88.11277357224614,9.57670944263542e-15,9.57670944263542e-15,-1.0,-1.0,0.0003787520121295296,0.0007572172267013653,139.6030085635693,51.453230289602836
T9U9W2,ES,2.002002002001962e-14,2.002002002001962e-14,94.89467845985885,71.61580729867012,9.578544061302591e-15,9.578544061302591e-15,-1.0,-1.0,0.000637429882725642,0.001274047649394811,141.20198298890847,50.49110701011345
